[0m01:40:09.974276 [debug] [MainThread]: Sending event: {'category': 'dbt', 'action': 'invocation', 'label': 'start', 'context': [<snowplow_tracker.self_describing_json.SelfDescribingJson object at 0xffffb14ef770>, <snowplow_tracker.self_describing_json.SelfDescribingJson object at 0xffffb2d84910>, <snowplow_tracker.self_describing_json.SelfDescribingJson object at 0xffffb0337d90>]}


============================== 01:40:10.195628 | e989b27e-7060-4205-8579-e9d2f442a044 ==============================
[0m01:40:10.195628 [info ] [MainThread]: Running with dbt=1.11.2
[0m01:40:10.198140 [debug] [MainThread]: running dbt with arguments {'write_json': 'True', 'use_colors': 'True', 'log_cache_events': 'False', 'warn_error': 'None', 'partial_parse': 'True', 'cache_selected_only': 'False', 'invocation_command': 'dbt debug', 'debug': 'False', 'indirect_selection': 'eager', 'profiles_dir': '/home/steven/fastapi-yelp-postgres/dbt', 'log_path': '/home/steven/fastapi-yelp-postgres/dbt/logs', 'log_format': 'default', 'warn_error_options': 'WarnErrorOptionsV2(error=[], warn=[], silence=[])', 'no_print': 'None', 'introspect': 'True', 'send_anonymous_usage_stats': 'True', 'target_path': 'None', 'empty': 'None', 'fail_fast': 'False', 'use_experimental_parser': 'False', 'version_check': 'True', 'quiet': 'False', 'printer_width': '80', 'static_parser': 'True'}
[0m01:40:10.393595 [info ] [MainThread]: dbt version: 1.11.2
[0m01:40:10.394993 [info ] [MainThread]: python version: 3.13.9
[0m01:40:10.396360 [info ] [MainThread]: python path: /home/steven/fastapi-yelp-postgres/.venv/bin/python3
[0m01:40:10.397673 [info ] [MainThread]: os info: Linux-6.8.0-1043-raspi-aarch64-with-glibc2.39
[0m01:40:10.696392 [info ] [MainThread]: Using profiles dir at /home/steven/fastapi-yelp-postgres/dbt
[0m01:40:10.697839 [info ] [MainThread]: Using profiles.yml file at /home/steven/fastapi-yelp-postgres/dbt/profiles.yml
[0m01:40:10.699230 [info ] [MainThread]: Using dbt_project.yml file at /home/steven/fastapi-yelp-postgres/dbt/dbt_project.yml
[0m01:40:10.701981 [info ] [MainThread]: adapter type: postgres
[0m01:40:10.703662 [info ] [MainThread]: adapter version: 1.10.0
[0m01:40:11.229764 [info ] [MainThread]: Configuration:
[0m01:40:11.231742 [info ] [MainThread]:   profiles.yml file [[32mOK found and valid[0m]
[0m01:40:11.233240 [info ] [MainThread]:   dbt_project.yml file [[32mOK found and valid[0m]
[0m01:40:11.234695 [info ] [MainThread]: Required dependencies:
[0m01:40:11.236263 [debug] [MainThread]: Executing "git --help"
[0m01:40:11.246735 [debug] [MainThread]: STDOUT: "b"usage: git [-v | --version] [-h | --help] [-C <path>] [-c <name>=<value>]\n           [--exec-path[=<path>]] [--html-path] [--man-path] [--info-path]\n           [-p | --paginate | -P | --no-pager] [--no-replace-objects] [--bare]\n           [--git-dir=<path>] [--work-tree=<path>] [--namespace=<name>]\n           [--config-env=<name>=<envvar>] <command> [<args>]\n\nThese are common Git commands used in various situations:\n\nstart a working area (see also: git help tutorial)\n   clone     Clone a repository into a new directory\n   init      Create an empty Git repository or reinitialize an existing one\n\nwork on the current change (see also: git help everyday)\n   add       Add file contents to the index\n   mv        Move or rename a file, a directory, or a symlink\n   restore   Restore working tree files\n   rm        Remove files from the working tree and from the index\n\nexamine the history and state (see also: git help revisions)\n   bisect    Use binary search to find the commit that introduced a bug\n   diff      Show changes between commits, commit and working tree, etc\n   grep      Print lines matching a pattern\n   log       Show commit logs\n   show      Show various types of objects\n   status    Show the working tree status\n\ngrow, mark and tweak your common history\n   branch    List, create, or delete branches\n   commit    Record changes to the repository\n   merge     Join two or more development histories together\n   rebase    Reapply commits on top of another base tip\n   reset     Reset current HEAD to the specified state\n   switch    Switch branches\n   tag       Create, list, delete or verify a tag object signed with GPG\n\ncollaborate (see also: git help workflows)\n   fetch     Download objects and refs from another repository\n   pull      Fetch from and integrate with another repository or a local branch\n   push      Update remote refs along with associated objects\n\n'git help -a' and 'git help -g' list available subcommands and some\nconcept guides. See 'git help <command>' or 'git help <concept>'\nto read about a specific subcommand or concept.\nSee 'git help git' for an overview of the system.\n""
[0m01:40:11.248447 [debug] [MainThread]: STDERR: "b''"
[0m01:40:11.249744 [info ] [MainThread]:  - git [[32mOK found[0m]

[0m01:40:11.251268 [info ] [MainThread]: Connection:
[0m01:40:11.252802 [info ] [MainThread]:   host: localhost
[0m01:40:11.254295 [info ] [MainThread]:   port: 5432
[0m01:40:11.255989 [info ] [MainThread]:   user: steven
[0m01:40:11.258062 [info ] [MainThread]:   database: steven
[0m01:40:11.260007 [info ] [MainThread]:   schema: public
[0m01:40:11.261855 [info ] [MainThread]:   connect_timeout: 10
[0m01:40:11.263657 [info ] [MainThread]:   role: None
[0m01:40:11.265573 [info ] [MainThread]:   search_path: None
[0m01:40:11.267447 [info ] [MainThread]:   keepalives_idle: 0
[0m01:40:11.269195 [info ] [MainThread]:   sslmode: None
[0m01:40:11.270994 [info ] [MainThread]:   sslcert: None
[0m01:40:11.272825 [info ] [MainThread]:   sslkey: None
[0m01:40:11.274397 [info ] [MainThread]:   sslrootcert: None
[0m01:40:11.276066 [info ] [MainThread]:   application_name: dbt
[0m01:40:11.278108 [info ] [MainThread]:   retries: 1
[0m01:40:11.280984 [info ] [MainThread]: Registered adapter: postgres=1.10.0
[0m01:40:11.715433 [debug] [MainThread]: Acquiring new postgres connection 'debug'
[0m01:40:11.916141 [debug] [MainThread]: Using postgres connection "debug"
[0m01:40:11.917558 [debug] [MainThread]: On debug: select 1 as id
[0m01:40:11.918875 [debug] [MainThread]: Opening a new connection, currently in state init
[0m01:40:11.922414 [debug] [MainThread]: Postgres adapter: Got a retryable error when attempting to open a postgres connection.
1 attempts remaining. Retrying in 0 seconds.
Error:
connection to server at "localhost" (::1), port 5432 failed: Connection refused
	Is the server running on that host and accepting TCP/IP connections?
connection to server at "localhost" (127.0.0.1), port 5432 failed: Connection refused
	Is the server running on that host and accepting TCP/IP connections?

[0m01:40:11.925646 [debug] [MainThread]: Postgres adapter: Error running SQL: select 1 as id
[0m01:40:11.926994 [debug] [MainThread]: Postgres adapter: Rolling back transaction.
[0m01:40:11.928415 [debug] [MainThread]: On debug: No close available on handle
[0m01:40:11.929753 [info ] [MainThread]:   Connection test: [[31mERROR[0m]

[0m01:40:11.931250 [info ] [MainThread]: [31m1 check failed:[0m
[0m01:40:11.933013 [info ] [MainThread]: dbt was unable to connect to the specified database.
The database returned the following error:

  >Database Error
  connection to server at "localhost" (::1), port 5432 failed: Connection refused
  	Is the server running on that host and accepting TCP/IP connections?
  connection to server at "localhost" (127.0.0.1), port 5432 failed: Connection refused
  	Is the server running on that host and accepting TCP/IP connections?
  

Check your database credentials and try again. For more information, visit:
https://docs.getdbt.com/docs/configure-your-profile


[0m01:40:11.936481 [debug] [MainThread]: Resource report: {"command_name": "debug", "command_success": false, "command_wall_clock_time": 2.277321, "process_in_blocks": "27976", "process_kernel_time": 2.357959, "process_mem_max_rss": "126552", "process_out_blocks": "31640", "process_user_time": 12.349366}
[0m01:40:11.938787 [debug] [MainThread]: Command `dbt debug` failed at 01:40:11.938057 after 2.28 seconds
[0m01:40:11.940642 [debug] [MainThread]: Connection 'debug' was properly closed.
[0m01:40:11.942196 [debug] [MainThread]: Sending event: {'category': 'dbt', 'action': 'invocation', 'label': 'end', 'context': [<snowplow_tracker.self_describing_json.SelfDescribingJson object at 0xffffb009e520>, <snowplow_tracker.self_describing_json.SelfDescribingJson object at 0xffffb00f6570>, <snowplow_tracker.self_describing_json.SelfDescribingJson object at 0xffffb0013130>]}
[0m01:40:11.943884 [debug] [MainThread]: Flushing usage events
[0m01:40:12.328867 [debug] [MainThread]: An error was encountered while trying to flush usage events
[0m01:44:42.377276 [debug] [MainThread]: Sending event: {'category': 'dbt', 'action': 'invocation', 'label': 'start', 'context': [<snowplow_tracker.self_describing_json.SelfDescribingJson object at 0xffffb9c72a50>, <snowplow_tracker.self_describing_json.SelfDescribingJson object at 0xffffb8c83d90>, <snowplow_tracker.self_describing_json.SelfDescribingJson object at 0xffffb8c839d0>]}


============================== 01:44:42.391419 | 3569d52d-0cc4-4077-bb8e-fb6d266f859a ==============================
[0m01:44:42.391419 [info ] [MainThread]: Running with dbt=1.11.2
[0m01:44:42.394158 [debug] [MainThread]: running dbt with arguments {'empty': 'None', 'indirect_selection': 'eager', 'quiet': 'False', 'partial_parse': 'True', 'use_colors': 'True', 'log_cache_events': 'False', 'fail_fast': 'False', 'send_anonymous_usage_stats': 'True', 'invocation_command': 'dbt debug', 'version_check': 'True', 'log_format': 'default', 'debug': 'False', 'warn_error': 'None', 'introspect': 'True', 'profiles_dir': '/home/steven/fastapi-yelp-postgres/dbt', 'cache_selected_only': 'False', 'no_print': 'None', 'printer_width': '80', 'static_parser': 'True', 'warn_error_options': 'WarnErrorOptionsV2(error=[], warn=[], silence=[])', 'write_json': 'True', 'log_path': '/home/steven/fastapi-yelp-postgres/dbt/logs', 'use_experimental_parser': 'False', 'target_path': 'None'}
[0m01:44:42.430622 [info ] [MainThread]: dbt version: 1.11.2
[0m01:44:42.432041 [info ] [MainThread]: python version: 3.13.9
[0m01:44:42.433380 [info ] [MainThread]: python path: /home/steven/fastapi-yelp-postgres/.venv/bin/python3
[0m01:44:42.434686 [info ] [MainThread]: os info: Linux-6.8.0-1043-raspi-aarch64-with-glibc2.39
[0m01:44:42.659036 [info ] [MainThread]: Using profiles dir at /home/steven/fastapi-yelp-postgres/dbt
[0m01:44:42.660647 [info ] [MainThread]: Using profiles.yml file at /home/steven/fastapi-yelp-postgres/dbt/profiles.yml
[0m01:44:42.662188 [info ] [MainThread]: Using dbt_project.yml file at /home/steven/fastapi-yelp-postgres/dbt/dbt_project.yml
[0m01:44:42.664358 [info ] [MainThread]: adapter type: postgres
[0m01:44:42.665859 [info ] [MainThread]: adapter version: 1.10.0
[0m01:44:43.199166 [info ] [MainThread]: Configuration:
[0m01:44:43.200885 [info ] [MainThread]:   profiles.yml file [[32mOK found and valid[0m]
[0m01:44:43.202303 [info ] [MainThread]:   dbt_project.yml file [[32mOK found and valid[0m]
[0m01:44:43.203600 [info ] [MainThread]: Required dependencies:
[0m01:44:43.204960 [debug] [MainThread]: Executing "git --help"
[0m01:44:43.215714 [debug] [MainThread]: STDOUT: "b"usage: git [-v | --version] [-h | --help] [-C <path>] [-c <name>=<value>]\n           [--exec-path[=<path>]] [--html-path] [--man-path] [--info-path]\n           [-p | --paginate | -P | --no-pager] [--no-replace-objects] [--bare]\n           [--git-dir=<path>] [--work-tree=<path>] [--namespace=<name>]\n           [--config-env=<name>=<envvar>] <command> [<args>]\n\nThese are common Git commands used in various situations:\n\nstart a working area (see also: git help tutorial)\n   clone     Clone a repository into a new directory\n   init      Create an empty Git repository or reinitialize an existing one\n\nwork on the current change (see also: git help everyday)\n   add       Add file contents to the index\n   mv        Move or rename a file, a directory, or a symlink\n   restore   Restore working tree files\n   rm        Remove files from the working tree and from the index\n\nexamine the history and state (see also: git help revisions)\n   bisect    Use binary search to find the commit that introduced a bug\n   diff      Show changes between commits, commit and working tree, etc\n   grep      Print lines matching a pattern\n   log       Show commit logs\n   show      Show various types of objects\n   status    Show the working tree status\n\ngrow, mark and tweak your common history\n   branch    List, create, or delete branches\n   commit    Record changes to the repository\n   merge     Join two or more development histories together\n   rebase    Reapply commits on top of another base tip\n   reset     Reset current HEAD to the specified state\n   switch    Switch branches\n   tag       Create, list, delete or verify a tag object signed with GPG\n\ncollaborate (see also: git help workflows)\n   fetch     Download objects and refs from another repository\n   pull      Fetch from and integrate with another repository or a local branch\n   push      Update remote refs along with associated objects\n\n'git help -a' and 'git help -g' list available subcommands and some\nconcept guides. See 'git help <command>' or 'git help <concept>'\nto read about a specific subcommand or concept.\nSee 'git help git' for an overview of the system.\n""
[0m01:44:43.217388 [debug] [MainThread]: STDERR: "b''"
[0m01:44:43.218645 [info ] [MainThread]:  - git [[32mOK found[0m]

[0m01:44:43.220419 [info ] [MainThread]: Connection:
[0m01:44:43.221984 [info ] [MainThread]:   host: localhost
[0m01:44:43.224065 [info ] [MainThread]:   port: 5433
[0m01:44:43.226209 [info ] [MainThread]:   user: your_db_user
[0m01:44:43.228634 [info ] [MainThread]:   database: yelp
[0m01:44:43.230704 [info ] [MainThread]:   schema: public
[0m01:44:43.232573 [info ] [MainThread]:   connect_timeout: 10
[0m01:44:43.234473 [info ] [MainThread]:   role: None
[0m01:44:43.235810 [info ] [MainThread]:   search_path: None
[0m01:44:43.237181 [info ] [MainThread]:   keepalives_idle: 0
[0m01:44:43.238730 [info ] [MainThread]:   sslmode: None
[0m01:44:43.240385 [info ] [MainThread]:   sslcert: None
[0m01:44:43.241699 [info ] [MainThread]:   sslkey: None
[0m01:44:43.242938 [info ] [MainThread]:   sslrootcert: None
[0m01:44:43.244282 [info ] [MainThread]:   application_name: dbt
[0m01:44:43.245799 [info ] [MainThread]:   retries: 1
[0m01:44:43.247834 [info ] [MainThread]: Registered adapter: postgres=1.10.0
[0m01:44:43.676176 [debug] [MainThread]: Acquiring new postgres connection 'debug'
[0m01:44:43.801186 [debug] [MainThread]: Using postgres connection "debug"
[0m01:44:43.802781 [debug] [MainThread]: On debug: select 1 as id
[0m01:44:43.804412 [debug] [MainThread]: Opening a new connection, currently in state init
[0m01:44:43.857152 [debug] [MainThread]: Postgres adapter: Got a retryable error when attempting to open a postgres connection.
1 attempts remaining. Retrying in 0 seconds.
Error:
connection to server at "localhost" (::1), port 5433 failed: FATAL:  password authentication failed for user "your_db_user"

[0m01:44:43.896752 [debug] [MainThread]: Postgres adapter: Error running SQL: select 1 as id
[0m01:44:43.898913 [debug] [MainThread]: Postgres adapter: Rolling back transaction.
[0m01:44:43.901583 [debug] [MainThread]: On debug: No close available on handle
[0m01:44:43.903392 [info ] [MainThread]:   Connection test: [[31mERROR[0m]

[0m01:44:43.905148 [info ] [MainThread]: [31m1 check failed:[0m
[0m01:44:43.906712 [info ] [MainThread]: dbt was unable to connect to the specified database.
The database returned the following error:

  >Database Error
  connection to server at "localhost" (::1), port 5433 failed: FATAL:  password authentication failed for user "your_db_user"
  

Check your database credentials and try again. For more information, visit:
https://docs.getdbt.com/docs/configure-your-profile


[0m01:44:43.911578 [debug] [MainThread]: Resource report: {"command_name": "debug", "command_success": false, "command_wall_clock_time": 1.8272969, "process_in_blocks": "368", "process_kernel_time": 1.424914, "process_mem_max_rss": "117680", "process_out_blocks": "16", "process_user_time": 6.346984}
[0m01:44:43.914795 [debug] [MainThread]: Command `dbt debug` failed at 01:44:43.913968 after 1.83 seconds
[0m01:44:43.916526 [debug] [MainThread]: Connection 'debug' was properly closed.
[0m01:44:43.918366 [debug] [MainThread]: Sending event: {'category': 'dbt', 'action': 'invocation', 'label': 'end', 'context': [<snowplow_tracker.self_describing_json.SelfDescribingJson object at 0xffffb76bc3e0>, <snowplow_tracker.self_describing_json.SelfDescribingJson object at 0xffffb7970050>, <snowplow_tracker.self_describing_json.SelfDescribingJson object at 0xffffb7a13130>]}
[0m01:44:43.920411 [debug] [MainThread]: Flushing usage events
[0m01:44:44.353011 [debug] [MainThread]: An error was encountered while trying to flush usage events
[0m01:45:15.965344 [debug] [MainThread]: Sending event: {'category': 'dbt', 'action': 'invocation', 'label': 'start', 'context': [<snowplow_tracker.self_describing_json.SelfDescribingJson object at 0xffff902f2a50>, <snowplow_tracker.self_describing_json.SelfDescribingJson object at 0xffff8f303d90>, <snowplow_tracker.self_describing_json.SelfDescribingJson object at 0xffff8f3039d0>]}


============================== 01:45:15.979707 | 88902dcd-d98c-4a39-abb3-e2498b53cd31 ==============================
[0m01:45:15.979707 [info ] [MainThread]: Running with dbt=1.11.2
[0m01:45:15.982124 [debug] [MainThread]: running dbt with arguments {'log_format': 'default', 'profiles_dir': '/home/steven/fastapi-yelp-postgres/dbt', 'empty': 'None', 'static_parser': 'True', 'quiet': 'False', 'version_check': 'True', 'use_colors': 'True', 'cache_selected_only': 'False', 'indirect_selection': 'eager', 'send_anonymous_usage_stats': 'True', 'no_print': 'None', 'partial_parse': 'True', 'fail_fast': 'False', 'log_path': '/home/steven/fastapi-yelp-postgres/dbt/logs', 'warn_error': 'None', 'warn_error_options': 'WarnErrorOptionsV2(error=[], warn=[], silence=[])', 'use_experimental_parser': 'False', 'target_path': 'None', 'write_json': 'True', 'introspect': 'True', 'printer_width': '80', 'debug': 'False', 'invocation_command': 'dbt debug', 'log_cache_events': 'False'}
[0m01:45:16.017112 [info ] [MainThread]: dbt version: 1.11.2
[0m01:45:16.018540 [info ] [MainThread]: python version: 3.13.9
[0m01:45:16.020197 [info ] [MainThread]: python path: /home/steven/fastapi-yelp-postgres/.venv/bin/python3
[0m01:45:16.021541 [info ] [MainThread]: os info: Linux-6.8.0-1043-raspi-aarch64-with-glibc2.39
[0m01:45:16.230649 [info ] [MainThread]: Using profiles dir at /home/steven/fastapi-yelp-postgres/dbt
[0m01:45:16.232164 [info ] [MainThread]: Using profiles.yml file at /home/steven/fastapi-yelp-postgres/dbt/profiles.yml
[0m01:45:16.233490 [info ] [MainThread]: Using dbt_project.yml file at /home/steven/fastapi-yelp-postgres/dbt/dbt_project.yml
[0m01:45:16.235392 [info ] [MainThread]: adapter type: postgres
[0m01:45:16.236745 [info ] [MainThread]: adapter version: 1.10.0
[0m01:45:16.772350 [info ] [MainThread]: Configuration:
[0m01:45:16.773960 [info ] [MainThread]:   profiles.yml file [[32mOK found and valid[0m]
[0m01:45:16.775477 [info ] [MainThread]:   dbt_project.yml file [[32mOK found and valid[0m]
[0m01:45:16.776993 [info ] [MainThread]: Required dependencies:
[0m01:45:16.778580 [debug] [MainThread]: Executing "git --help"
[0m01:45:16.789444 [debug] [MainThread]: STDOUT: "b"usage: git [-v | --version] [-h | --help] [-C <path>] [-c <name>=<value>]\n           [--exec-path[=<path>]] [--html-path] [--man-path] [--info-path]\n           [-p | --paginate | -P | --no-pager] [--no-replace-objects] [--bare]\n           [--git-dir=<path>] [--work-tree=<path>] [--namespace=<name>]\n           [--config-env=<name>=<envvar>] <command> [<args>]\n\nThese are common Git commands used in various situations:\n\nstart a working area (see also: git help tutorial)\n   clone     Clone a repository into a new directory\n   init      Create an empty Git repository or reinitialize an existing one\n\nwork on the current change (see also: git help everyday)\n   add       Add file contents to the index\n   mv        Move or rename a file, a directory, or a symlink\n   restore   Restore working tree files\n   rm        Remove files from the working tree and from the index\n\nexamine the history and state (see also: git help revisions)\n   bisect    Use binary search to find the commit that introduced a bug\n   diff      Show changes between commits, commit and working tree, etc\n   grep      Print lines matching a pattern\n   log       Show commit logs\n   show      Show various types of objects\n   status    Show the working tree status\n\ngrow, mark and tweak your common history\n   branch    List, create, or delete branches\n   commit    Record changes to the repository\n   merge     Join two or more development histories together\n   rebase    Reapply commits on top of another base tip\n   reset     Reset current HEAD to the specified state\n   switch    Switch branches\n   tag       Create, list, delete or verify a tag object signed with GPG\n\ncollaborate (see also: git help workflows)\n   fetch     Download objects and refs from another repository\n   pull      Fetch from and integrate with another repository or a local branch\n   push      Update remote refs along with associated objects\n\n'git help -a' and 'git help -g' list available subcommands and some\nconcept guides. See 'git help <command>' or 'git help <concept>'\nto read about a specific subcommand or concept.\nSee 'git help git' for an overview of the system.\n""
[0m01:45:16.791127 [debug] [MainThread]: STDERR: "b''"
[0m01:45:16.792543 [info ] [MainThread]:  - git [[32mOK found[0m]

[0m01:45:16.794105 [info ] [MainThread]: Connection:
[0m01:45:16.795715 [info ] [MainThread]:   host: localhost
[0m01:45:16.797207 [info ] [MainThread]:   port: 5433
[0m01:45:16.798771 [info ] [MainThread]:   user: your_db_user
[0m01:45:16.800497 [info ] [MainThread]:   database: yelp
[0m01:45:16.802256 [info ] [MainThread]:   schema: public
[0m01:45:16.804193 [info ] [MainThread]:   connect_timeout: 10
[0m01:45:16.805954 [info ] [MainThread]:   role: None
[0m01:45:16.807899 [info ] [MainThread]:   search_path: None
[0m01:45:16.809634 [info ] [MainThread]:   keepalives_idle: 0
[0m01:45:16.811133 [info ] [MainThread]:   sslmode: None
[0m01:45:16.812627 [info ] [MainThread]:   sslcert: None
[0m01:45:16.814421 [info ] [MainThread]:   sslkey: None
[0m01:45:16.816357 [info ] [MainThread]:   sslrootcert: None
[0m01:45:16.818123 [info ] [MainThread]:   application_name: dbt
[0m01:45:16.819870 [info ] [MainThread]:   retries: 1
[0m01:45:16.821967 [info ] [MainThread]: Registered adapter: postgres=1.10.0
[0m01:45:17.244285 [debug] [MainThread]: Acquiring new postgres connection 'debug'
[0m01:45:17.368699 [debug] [MainThread]: Using postgres connection "debug"
[0m01:45:17.370343 [debug] [MainThread]: On debug: select 1 as id
[0m01:45:17.371845 [debug] [MainThread]: Opening a new connection, currently in state init
[0m01:45:17.418571 [debug] [MainThread]: Postgres adapter: Got a retryable error when attempting to open a postgres connection.
1 attempts remaining. Retrying in 0 seconds.
Error:
connection to server at "localhost" (::1), port 5433 failed: FATAL:  password authentication failed for user "your_db_user"

[0m01:45:17.458401 [debug] [MainThread]: Postgres adapter: Error running SQL: select 1 as id
[0m01:45:17.460122 [debug] [MainThread]: Postgres adapter: Rolling back transaction.
[0m01:45:17.461702 [debug] [MainThread]: On debug: No close available on handle
[0m01:45:17.463337 [info ] [MainThread]:   Connection test: [[31mERROR[0m]

[0m01:45:17.464946 [info ] [MainThread]: [31m1 check failed:[0m
[0m01:45:17.466330 [info ] [MainThread]: dbt was unable to connect to the specified database.
The database returned the following error:

  >Database Error
  connection to server at "localhost" (::1), port 5433 failed: FATAL:  password authentication failed for user "your_db_user"
  

Check your database credentials and try again. For more information, visit:
https://docs.getdbt.com/docs/configure-your-profile


[0m01:45:17.468966 [debug] [MainThread]: Resource report: {"command_name": "debug", "command_success": false, "command_wall_clock_time": 1.804091, "process_in_blocks": "0", "process_kernel_time": 1.38937, "process_mem_max_rss": "117480", "process_out_blocks": "24", "process_user_time": 6.453209}
[0m01:45:17.470896 [debug] [MainThread]: Command `dbt debug` failed at 01:45:17.470409 after 1.81 seconds
[0m01:45:17.472559 [debug] [MainThread]: Connection 'debug' was properly closed.
[0m01:45:17.474032 [debug] [MainThread]: Sending event: {'category': 'dbt', 'action': 'invocation', 'label': 'end', 'context': [<snowplow_tracker.self_describing_json.SelfDescribingJson object at 0xffff8dce83e0>, <snowplow_tracker.self_describing_json.SelfDescribingJson object at 0xffff8df9c050>, <snowplow_tracker.self_describing_json.SelfDescribingJson object at 0xffff8e043130>]}
[0m01:45:17.475555 [debug] [MainThread]: Flushing usage events
[0m01:45:17.676525 [debug] [MainThread]: An error was encountered while trying to flush usage events
[0m01:50:02.116988 [debug] [MainThread]: Sending event: {'category': 'dbt', 'action': 'invocation', 'label': 'start', 'context': [<snowplow_tracker.self_describing_json.SelfDescribingJson object at 0xffff9ff56a50>, <snowplow_tracker.self_describing_json.SelfDescribingJson object at 0xffff9ef67d90>, <snowplow_tracker.self_describing_json.SelfDescribingJson object at 0xffff9ef679d0>]}


============================== 01:50:02.130467 | de50ac7a-9f2f-490e-87ba-54ff1671df74 ==============================
[0m01:50:02.130467 [info ] [MainThread]: Running with dbt=1.11.2
[0m01:50:02.133148 [debug] [MainThread]: running dbt with arguments {'introspect': 'True', 'write_json': 'True', 'quiet': 'False', 'no_print': 'None', 'use_experimental_parser': 'False', 'target_path': 'None', 'static_parser': 'True', 'warn_error': 'None', 'empty': 'None', 'invocation_command': 'dbt debug', 'log_path': '/home/steven/fastapi-yelp-postgres/dbt/logs', 'log_cache_events': 'False', 'send_anonymous_usage_stats': 'True', 'partial_parse': 'True', 'use_colors': 'True', 'profiles_dir': '/home/steven/fastapi-yelp-postgres/dbt', 'fail_fast': 'False', 'debug': 'False', 'log_format': 'default', 'version_check': 'True', 'indirect_selection': 'eager', 'cache_selected_only': 'False', 'warn_error_options': 'WarnErrorOptionsV2(error=[], warn=[], silence=[])', 'printer_width': '80'}
[0m01:50:02.169046 [info ] [MainThread]: dbt version: 1.11.2
[0m01:50:02.170531 [info ] [MainThread]: python version: 3.13.9
[0m01:50:02.171938 [info ] [MainThread]: python path: /home/steven/fastapi-yelp-postgres/.venv/bin/python3
[0m01:50:02.173308 [info ] [MainThread]: os info: Linux-6.8.0-1043-raspi-aarch64-with-glibc2.39
[0m01:50:02.387585 [info ] [MainThread]: Using profiles dir at /home/steven/fastapi-yelp-postgres/dbt
[0m01:50:02.389098 [info ] [MainThread]: Using profiles.yml file at /home/steven/fastapi-yelp-postgres/dbt/profiles.yml
[0m01:50:02.390460 [info ] [MainThread]: Using dbt_project.yml file at /home/steven/fastapi-yelp-postgres/dbt/dbt_project.yml
[0m01:50:02.392398 [info ] [MainThread]: adapter type: postgres
[0m01:50:02.393744 [info ] [MainThread]: adapter version: 1.10.0
[0m01:50:02.928680 [info ] [MainThread]: Configuration:
[0m01:50:02.930302 [info ] [MainThread]:   profiles.yml file [[32mOK found and valid[0m]
[0m01:50:02.931803 [info ] [MainThread]:   dbt_project.yml file [[32mOK found and valid[0m]
[0m01:50:02.933301 [info ] [MainThread]: Required dependencies:
[0m01:50:02.935001 [debug] [MainThread]: Executing "git --help"
[0m01:50:02.946309 [debug] [MainThread]: STDOUT: "b"usage: git [-v | --version] [-h | --help] [-C <path>] [-c <name>=<value>]\n           [--exec-path[=<path>]] [--html-path] [--man-path] [--info-path]\n           [-p | --paginate | -P | --no-pager] [--no-replace-objects] [--bare]\n           [--git-dir=<path>] [--work-tree=<path>] [--namespace=<name>]\n           [--config-env=<name>=<envvar>] <command> [<args>]\n\nThese are common Git commands used in various situations:\n\nstart a working area (see also: git help tutorial)\n   clone     Clone a repository into a new directory\n   init      Create an empty Git repository or reinitialize an existing one\n\nwork on the current change (see also: git help everyday)\n   add       Add file contents to the index\n   mv        Move or rename a file, a directory, or a symlink\n   restore   Restore working tree files\n   rm        Remove files from the working tree and from the index\n\nexamine the history and state (see also: git help revisions)\n   bisect    Use binary search to find the commit that introduced a bug\n   diff      Show changes between commits, commit and working tree, etc\n   grep      Print lines matching a pattern\n   log       Show commit logs\n   show      Show various types of objects\n   status    Show the working tree status\n\ngrow, mark and tweak your common history\n   branch    List, create, or delete branches\n   commit    Record changes to the repository\n   merge     Join two or more development histories together\n   rebase    Reapply commits on top of another base tip\n   reset     Reset current HEAD to the specified state\n   switch    Switch branches\n   tag       Create, list, delete or verify a tag object signed with GPG\n\ncollaborate (see also: git help workflows)\n   fetch     Download objects and refs from another repository\n   pull      Fetch from and integrate with another repository or a local branch\n   push      Update remote refs along with associated objects\n\n'git help -a' and 'git help -g' list available subcommands and some\nconcept guides. See 'git help <command>' or 'git help <concept>'\nto read about a specific subcommand or concept.\nSee 'git help git' for an overview of the system.\n""
[0m01:50:02.948056 [debug] [MainThread]: STDERR: "b''"
[0m01:50:02.949727 [info ] [MainThread]:  - git [[32mOK found[0m]

[0m01:50:02.951296 [info ] [MainThread]: Connection:
[0m01:50:02.952687 [info ] [MainThread]:   host: 192.168.0.9
[0m01:50:02.953958 [info ] [MainThread]:   port: 5433
[0m01:50:02.955695 [info ] [MainThread]:   user: steven
[0m01:50:02.957482 [info ] [MainThread]:   database: steven
[0m01:50:02.959354 [info ] [MainThread]:   schema: public
[0m01:50:02.960721 [info ] [MainThread]:   connect_timeout: 10
[0m01:50:02.962212 [info ] [MainThread]:   role: None
[0m01:50:02.963775 [info ] [MainThread]:   search_path: None
[0m01:50:02.965325 [info ] [MainThread]:   keepalives_idle: 0
[0m01:50:02.966677 [info ] [MainThread]:   sslmode: None
[0m01:50:02.968217 [info ] [MainThread]:   sslcert: None
[0m01:50:02.969829 [info ] [MainThread]:   sslkey: None
[0m01:50:02.971359 [info ] [MainThread]:   sslrootcert: None
[0m01:50:02.973402 [info ] [MainThread]:   application_name: dbt
[0m01:50:02.975323 [info ] [MainThread]:   retries: 1
[0m01:50:02.977610 [info ] [MainThread]: Registered adapter: postgres=1.10.0
[0m01:50:03.398474 [debug] [MainThread]: Acquiring new postgres connection 'debug'
[0m01:50:03.514498 [debug] [MainThread]: Using postgres connection "debug"
[0m01:50:03.515805 [debug] [MainThread]: On debug: select 1 as id
[0m01:50:03.517004 [debug] [MainThread]: Opening a new connection, currently in state init
[0m01:50:03.565283 [debug] [MainThread]: SQL status: SELECT 1 in 0.048 seconds
[0m01:50:03.569213 [debug] [MainThread]: On debug: Close
[0m01:50:03.571149 [info ] [MainThread]:   Connection test: [[32mOK connection ok[0m]

[0m01:50:03.573323 [info ] [MainThread]: [32mAll checks passed![0m
[0m01:50:03.577220 [debug] [MainThread]: Resource report: {"command_name": "debug", "command_success": true, "command_wall_clock_time": 1.753402, "process_in_blocks": "0", "process_kernel_time": 1.437694, "process_mem_max_rss": "117188", "process_out_blocks": "16", "process_user_time": 6.647221}
[0m01:50:03.579836 [debug] [MainThread]: Command `dbt debug` succeeded at 01:50:03.579271 after 1.76 seconds
[0m01:50:03.581456 [debug] [MainThread]: Connection 'debug' was properly closed.
[0m01:50:03.582845 [debug] [MainThread]: Sending event: {'category': 'dbt', 'action': 'invocation', 'label': 'end', 'context': [<snowplow_tracker.self_describing_json.SelfDescribingJson object at 0xffff9d99c3e0>, <snowplow_tracker.self_describing_json.SelfDescribingJson object at 0xffff9dc50830>, <snowplow_tracker.self_describing_json.SelfDescribingJson object at 0xffff9dcf9590>]}
[0m01:50:03.584432 [debug] [MainThread]: Flushing usage events
[0m01:50:03.894211 [debug] [MainThread]: An error was encountered while trying to flush usage events
[0m01:52:04.002310 [debug] [MainThread]: Sending event: {'category': 'dbt', 'action': 'invocation', 'label': 'start', 'context': [<snowplow_tracker.self_describing_json.SelfDescribingJson object at 0xffff7f1a6a50>, <snowplow_tracker.self_describing_json.SelfDescribingJson object at 0xffff7e1bbd90>, <snowplow_tracker.self_describing_json.SelfDescribingJson object at 0xffff7e1bb9d0>]}


============================== 01:52:04.015860 | 67548adc-d793-4c27-97b3-6ddd2134238c ==============================
[0m01:52:04.015860 [info ] [MainThread]: Running with dbt=1.11.2
[0m01:52:04.018535 [debug] [MainThread]: running dbt with arguments {'introspect': 'True', 'warn_error': 'None', 'log_path': '/home/steven/fastapi-yelp-postgres/dbt/logs', 'log_cache_events': 'False', 'debug': 'False', 'use_colors': 'True', 'cache_selected_only': 'False', 'invocation_command': 'dbt debug', 'use_experimental_parser': 'False', 'profiles_dir': '/home/steven/fastapi-yelp-postgres/dbt', 'partial_parse': 'True', 'warn_error_options': 'WarnErrorOptionsV2(error=[], warn=[], silence=[])', 'printer_width': '80', 'send_anonymous_usage_stats': 'True', 'quiet': 'False', 'version_check': 'True', 'write_json': 'True', 'log_format': 'default', 'target_path': 'None', 'no_print': 'None', 'fail_fast': 'False', 'indirect_selection': 'eager', 'static_parser': 'True', 'empty': 'None'}
[0m01:52:04.055904 [info ] [MainThread]: dbt version: 1.11.2
[0m01:52:04.057346 [info ] [MainThread]: python version: 3.13.9
[0m01:52:04.058675 [info ] [MainThread]: python path: /home/steven/fastapi-yelp-postgres/.venv/bin/python3
[0m01:52:04.059958 [info ] [MainThread]: os info: Linux-6.8.0-1043-raspi-aarch64-with-glibc2.39
[0m01:52:04.273811 [info ] [MainThread]: Using profiles dir at /home/steven/fastapi-yelp-postgres/dbt
[0m01:52:04.275309 [info ] [MainThread]: Using profiles.yml file at /home/steven/fastapi-yelp-postgres/dbt/profiles.yml
[0m01:52:04.276636 [info ] [MainThread]: Using dbt_project.yml file at /home/steven/fastapi-yelp-postgres/dbt/dbt_project.yml
[0m01:52:04.278572 [info ] [MainThread]: adapter type: postgres
[0m01:52:04.279955 [info ] [MainThread]: adapter version: 1.10.0
[0m01:52:04.817665 [info ] [MainThread]: Configuration:
[0m01:52:04.819132 [info ] [MainThread]:   profiles.yml file [[32mOK found and valid[0m]
[0m01:52:04.820461 [info ] [MainThread]:   dbt_project.yml file [[32mOK found and valid[0m]
[0m01:52:04.821798 [info ] [MainThread]: Required dependencies:
[0m01:52:04.823182 [debug] [MainThread]: Executing "git --help"
[0m01:52:04.833203 [debug] [MainThread]: STDOUT: "b"usage: git [-v | --version] [-h | --help] [-C <path>] [-c <name>=<value>]\n           [--exec-path[=<path>]] [--html-path] [--man-path] [--info-path]\n           [-p | --paginate | -P | --no-pager] [--no-replace-objects] [--bare]\n           [--git-dir=<path>] [--work-tree=<path>] [--namespace=<name>]\n           [--config-env=<name>=<envvar>] <command> [<args>]\n\nThese are common Git commands used in various situations:\n\nstart a working area (see also: git help tutorial)\n   clone     Clone a repository into a new directory\n   init      Create an empty Git repository or reinitialize an existing one\n\nwork on the current change (see also: git help everyday)\n   add       Add file contents to the index\n   mv        Move or rename a file, a directory, or a symlink\n   restore   Restore working tree files\n   rm        Remove files from the working tree and from the index\n\nexamine the history and state (see also: git help revisions)\n   bisect    Use binary search to find the commit that introduced a bug\n   diff      Show changes between commits, commit and working tree, etc\n   grep      Print lines matching a pattern\n   log       Show commit logs\n   show      Show various types of objects\n   status    Show the working tree status\n\ngrow, mark and tweak your common history\n   branch    List, create, or delete branches\n   commit    Record changes to the repository\n   merge     Join two or more development histories together\n   rebase    Reapply commits on top of another base tip\n   reset     Reset current HEAD to the specified state\n   switch    Switch branches\n   tag       Create, list, delete or verify a tag object signed with GPG\n\ncollaborate (see also: git help workflows)\n   fetch     Download objects and refs from another repository\n   pull      Fetch from and integrate with another repository or a local branch\n   push      Update remote refs along with associated objects\n\n'git help -a' and 'git help -g' list available subcommands and some\nconcept guides. See 'git help <command>' or 'git help <concept>'\nto read about a specific subcommand or concept.\nSee 'git help git' for an overview of the system.\n""
[0m01:52:04.835011 [debug] [MainThread]: STDERR: "b''"
[0m01:52:04.836589 [info ] [MainThread]:  - git [[32mOK found[0m]

[0m01:52:04.838153 [info ] [MainThread]: Connection:
[0m01:52:04.839735 [info ] [MainThread]:   host: 192.168.0.9
[0m01:52:04.841241 [info ] [MainThread]:   port: 5433
[0m01:52:04.843107 [info ] [MainThread]:   user: steven
[0m01:52:04.845410 [info ] [MainThread]:   database: steven
[0m01:52:04.847065 [info ] [MainThread]:   schema: public
[0m01:52:04.848417 [info ] [MainThread]:   connect_timeout: 10
[0m01:52:04.849853 [info ] [MainThread]:   role: None
[0m01:52:04.851670 [info ] [MainThread]:   search_path: None
[0m01:52:04.853263 [info ] [MainThread]:   keepalives_idle: 0
[0m01:52:04.854938 [info ] [MainThread]:   sslmode: None
[0m01:52:04.856509 [info ] [MainThread]:   sslcert: None
[0m01:52:04.858138 [info ] [MainThread]:   sslkey: None
[0m01:52:04.860009 [info ] [MainThread]:   sslrootcert: None
[0m01:52:04.861653 [info ] [MainThread]:   application_name: dbt
[0m01:52:04.863254 [info ] [MainThread]:   retries: 1
[0m01:52:04.865324 [info ] [MainThread]: Registered adapter: postgres=1.10.0
[0m01:52:05.280445 [debug] [MainThread]: Acquiring new postgres connection 'debug'
[0m01:52:05.396894 [debug] [MainThread]: Using postgres connection "debug"
[0m01:52:05.398217 [debug] [MainThread]: On debug: select 1 as id
[0m01:52:05.399394 [debug] [MainThread]: Opening a new connection, currently in state init
[0m01:52:05.448002 [debug] [MainThread]: SQL status: SELECT 1 in 0.048 seconds
[0m01:52:05.452163 [debug] [MainThread]: On debug: Close
[0m01:52:05.454044 [info ] [MainThread]:   Connection test: [[32mOK connection ok[0m]

[0m01:52:05.456293 [info ] [MainThread]: [32mAll checks passed![0m
[0m01:52:05.460058 [debug] [MainThread]: Resource report: {"command_name": "debug", "command_success": true, "command_wall_clock_time": 1.7542428, "process_in_blocks": "0", "process_kernel_time": 1.72642, "process_mem_max_rss": "117452", "process_out_blocks": "16", "process_user_time": 8.245471}
[0m01:52:05.462437 [debug] [MainThread]: Command `dbt debug` succeeded at 01:52:05.461840 after 1.76 seconds
[0m01:52:05.463928 [debug] [MainThread]: Connection 'debug' was properly closed.
[0m01:52:05.465384 [debug] [MainThread]: Sending event: {'category': 'dbt', 'action': 'invocation', 'label': 'end', 'context': [<snowplow_tracker.self_describing_json.SelfDescribingJson object at 0xffff7cbec3e0>, <snowplow_tracker.self_describing_json.SelfDescribingJson object at 0xffff7cee8830>, <snowplow_tracker.self_describing_json.SelfDescribingJson object at 0xffff7cf51590>]}
[0m01:52:05.466868 [debug] [MainThread]: Flushing usage events
[0m01:52:05.800025 [debug] [MainThread]: An error was encountered while trying to flush usage events
[0m01:52:35.815394 [debug] [MainThread]: Sending event: {'category': 'dbt', 'action': 'invocation', 'label': 'start', 'context': [<snowplow_tracker.self_describing_json.SelfDescribingJson object at 0xffff9c7c6a50>, <snowplow_tracker.self_describing_json.SelfDescribingJson object at 0xffff9b7dfd90>, <snowplow_tracker.self_describing_json.SelfDescribingJson object at 0xffff9b7df9d0>]}


============================== 01:52:35.829711 | 62e6b3e5-e2ed-4b3c-a1a7-ffdd900823ce ==============================
[0m01:52:35.829711 [info ] [MainThread]: Running with dbt=1.11.2
[0m01:52:35.832261 [debug] [MainThread]: running dbt with arguments {'log_path': '/home/steven/fastapi-yelp-postgres/dbt/logs', 'fail_fast': 'False', 'quiet': 'False', 'printer_width': '80', 'log_cache_events': 'False', 'cache_selected_only': 'False', 'target_path': 'None', 'indirect_selection': 'eager', 'no_print': 'None', 'empty': 'None', 'introspect': 'True', 'send_anonymous_usage_stats': 'True', 'log_format': 'default', 'profiles_dir': '/home/steven/fastapi-yelp-postgres/dbt', 'use_colors': 'True', 'use_experimental_parser': 'False', 'static_parser': 'True', 'warn_error_options': 'WarnErrorOptionsV2(error=[], warn=[], silence=[])', 'warn_error': 'None', 'debug': 'False', 'invocation_command': 'dbt test', 'write_json': 'True', 'version_check': 'True', 'partial_parse': 'True'}
[0m01:52:36.596702 [debug] [MainThread]: Sending event: {'category': 'dbt', 'action': 'project_id', 'label': '62e6b3e5-e2ed-4b3c-a1a7-ffdd900823ce', 'context': [<snowplow_tracker.self_describing_json.SelfDescribingJson object at 0xffff9c4f5480>]}
[0m01:52:36.946536 [debug] [MainThread]: Sending event: {'category': 'dbt', 'action': 'adapter_info', 'label': '62e6b3e5-e2ed-4b3c-a1a7-ffdd900823ce', 'context': [<snowplow_tracker.self_describing_json.SelfDescribingJson object at 0xffff9db25d00>]}
[0m01:52:36.950659 [info ] [MainThread]: Registered adapter: postgres=1.10.0
[0m01:52:37.400299 [debug] [MainThread]: checksum: 3d40d8bbe1bef07db1c24822f2dbfff8bc07f2a48ed4fe2658a40653aec0b54b, vars: {}, profile: , target: , version: 1.11.2
[0m01:52:37.402756 [info ] [MainThread]: Unable to do partial parsing because saved manifest not found. Starting full parse.
[0m01:52:37.404246 [debug] [MainThread]: Sending event: {'category': 'dbt', 'action': 'partial_parser', 'label': '62e6b3e5-e2ed-4b3c-a1a7-ffdd900823ce', 'context': [<snowplow_tracker.self_describing_json.SelfDescribingJson object at 0xffff9b895050>]}
[0m01:52:43.045573 [warn ] [MainThread]: [[33mWARNING[0m][MissingArgumentsPropertyInGenericTestDeprecation]: Deprecated
functionality
Found top-level arguments to test `accepted_values` defined on
'business_analytics' in package 'yelp_analytics' (models/marts/schema.yml).
Arguments to generic tests should be nested under the `arguments` property.
[0m01:52:43.047776 [debug] [MainThread]: Sending event: {'category': 'dbt', 'action': 'deprecation', 'label': '62e6b3e5-e2ed-4b3c-a1a7-ffdd900823ce', 'property_': 'warn', 'context': [<snowplow_tracker.self_describing_json.SelfDescribingJson object at 0xffff9a29bb60>]}
[0m01:52:44.348385 [warn ] [MainThread]: [[33mWARNING[0m]: Configuration paths exist in your dbt_project.yml file which do not apply to any resources.
There are 1 unused configuration paths:
- models.yelp_analytics.intermediate
[0m01:52:44.389341 [debug] [MainThread]: Sending event: {'category': 'dbt', 'action': 'load_project', 'label': '62e6b3e5-e2ed-4b3c-a1a7-ffdd900823ce', 'context': [<snowplow_tracker.self_describing_json.SelfDescribingJson object at 0xffff99610d70>]}
[0m01:52:44.825153 [debug] [MainThread]: Wrote artifact WritableManifest to /home/steven/fastapi-yelp-postgres/dbt/target/manifest.json
[0m01:52:44.831510 [debug] [MainThread]: Wrote artifact SemanticManifest to /home/steven/fastapi-yelp-postgres/dbt/target/semantic_manifest.json
[0m01:52:45.432383 [debug] [MainThread]: Sending event: {'category': 'dbt', 'action': 'resource_counts', 'label': '62e6b3e5-e2ed-4b3c-a1a7-ffdd900823ce', 'context': [<snowplow_tracker.self_describing_json.SelfDescribingJson object at 0xffff98d6e8f0>]}
[0m01:52:45.434045 [info ] [MainThread]: Found 9 models, 34 data tests, 1 operation, 5 sources, 465 macros
[0m01:52:45.435570 [debug] [MainThread]: Sending event: {'category': 'dbt', 'action': 'runnable_timing', 'label': '62e6b3e5-e2ed-4b3c-a1a7-ffdd900823ce', 'context': [<snowplow_tracker.self_describing_json.SelfDescribingJson object at 0xffff98db8290>]}
[0m01:52:45.448308 [info ] [MainThread]: 
[0m01:52:45.449879 [info ] [MainThread]: Concurrency: 4 threads (target='dev')
[0m01:52:45.451305 [info ] [MainThread]: 
[0m01:52:45.453481 [debug] [MainThread]: Acquiring new postgres connection 'master'
[0m01:52:45.471900 [debug] [ThreadPool]: Acquiring new postgres connection 'list_steven_public_staging'
[0m01:52:45.480407 [debug] [ThreadPool]: Acquiring new postgres connection 'list_steven_public_marts'
[0m01:52:45.692816 [debug] [ThreadPool]: Using postgres connection "list_steven_public_staging"
[0m01:52:45.694259 [debug] [ThreadPool]: Using postgres connection "list_steven_public_marts"
[0m01:52:45.695505 [debug] [ThreadPool]: On list_steven_public_staging: /* {"app": "dbt", "dbt_version": "1.11.2", "profile_name": "yelp_analytics", "target_name": "dev", "connection_name": "list_steven_public_staging"} */
select
      'steven' as database,
      tablename as name,
      schemaname as schema,
      'table' as type
    from pg_tables
    where schemaname ilike 'public_staging'
    union all
    select
      'steven' as database,
      viewname as name,
      schemaname as schema,
      'view' as type
    from pg_views
    where schemaname ilike 'public_staging'
    union all
    select
      'steven' as database,
      matviewname as name,
      schemaname as schema,
      'materialized_view' as type
    from pg_matviews
    where schemaname ilike 'public_staging'
  
[0m01:52:45.696888 [debug] [ThreadPool]: On list_steven_public_marts: /* {"app": "dbt", "dbt_version": "1.11.2", "profile_name": "yelp_analytics", "target_name": "dev", "connection_name": "list_steven_public_marts"} */
select
      'steven' as database,
      tablename as name,
      schemaname as schema,
      'table' as type
    from pg_tables
    where schemaname ilike 'public_marts'
    union all
    select
      'steven' as database,
      viewname as name,
      schemaname as schema,
      'view' as type
    from pg_views
    where schemaname ilike 'public_marts'
    union all
    select
      'steven' as database,
      matviewname as name,
      schemaname as schema,
      'materialized_view' as type
    from pg_matviews
    where schemaname ilike 'public_marts'
  
[0m01:52:45.698318 [debug] [ThreadPool]: Opening a new connection, currently in state init
[0m01:52:45.699605 [debug] [ThreadPool]: Opening a new connection, currently in state init
[0m01:52:45.769815 [debug] [ThreadPool]: SQL status: SELECT 0 in 0.071 seconds
[0m01:52:45.771389 [debug] [ThreadPool]: SQL status: SELECT 0 in 0.072 seconds
[0m01:52:45.776433 [debug] [ThreadPool]: On list_steven_public_staging: ROLLBACK
[0m01:52:45.781471 [debug] [ThreadPool]: On list_steven_public_marts: ROLLBACK
[0m01:52:45.783937 [debug] [ThreadPool]: On list_steven_public_marts: Close
[0m01:52:45.785577 [debug] [ThreadPool]: On list_steven_public_staging: Close
[0m01:52:45.806544 [debug] [MainThread]: Using postgres connection "master"
[0m01:52:45.808259 [debug] [MainThread]: On master: /* {"app": "dbt", "dbt_version": "1.11.2", "profile_name": "yelp_analytics", "target_name": "dev", "connection_name": "master"} */
select distinct
        dependent_namespace.nspname as dependent_schema,
        dependent_class.relname as dependent_name,
        referenced_namespace.nspname as referenced_schema,
        referenced_class.relname as referenced_name

    -- Query for views: views are entries in pg_class with an entry in pg_rewrite, but we avoid
    -- a seq scan on pg_rewrite by leveraging the fact there is an "internal" row in pg_depend for
    -- the view...
    from pg_class as dependent_class
    join pg_namespace as dependent_namespace on dependent_namespace.oid = dependent_class.relnamespace
    join pg_depend as dependent_depend on dependent_depend.refobjid = dependent_class.oid
        and dependent_depend.classid = 'pg_rewrite'::regclass
        and dependent_depend.refclassid = 'pg_class'::regclass
        and dependent_depend.deptype = 'i'

    -- ... and via pg_depend (that has a row per column, hence the need for "distinct" above, and
    -- making sure to exclude the internal row to avoid a view appearing to depend on itself)...
    join pg_depend as joining_depend on joining_depend.objid = dependent_depend.objid
        and joining_depend.classid = 'pg_rewrite'::regclass
        and joining_depend.refclassid = 'pg_class'::regclass
        and joining_depend.refobjid != dependent_depend.refobjid

    -- ... we can find the tables they query from in pg_class, but excluding system tables. Note we
    -- don't need need to exclude _dependent_ system tables, because they only query from other
    -- system tables, and so are automatically excluded by excluding _referenced_ system tables
    join pg_class as referenced_class on referenced_class.oid = joining_depend.refobjid
    join pg_namespace as referenced_namespace on referenced_namespace.oid = referenced_class.relnamespace
        and referenced_namespace.nspname != 'information_schema'
        and referenced_namespace.nspname not like 'pg\_%'

    order by
        dependent_schema, dependent_name, referenced_schema, referenced_name;
[0m01:52:45.809730 [debug] [MainThread]: Opening a new connection, currently in state init
[0m01:52:45.868828 [debug] [MainThread]: SQL status: SELECT 0 in 0.059 seconds
[0m01:52:45.872701 [debug] [MainThread]: Sending event: {'category': 'dbt', 'action': 'runnable_timing', 'label': '62e6b3e5-e2ed-4b3c-a1a7-ffdd900823ce', 'context': [<snowplow_tracker.self_describing_json.SelfDescribingJson object at 0xffff994c7a10>]}
[0m01:52:45.874733 [debug] [MainThread]: On master: ROLLBACK
[0m01:52:45.876705 [debug] [MainThread]: On master: COMMIT
[0m01:52:45.878011 [debug] [MainThread]: Using postgres connection "master"
[0m01:52:45.879551 [debug] [MainThread]: On master: COMMIT
[0m01:52:45.882208 [debug] [MainThread]: SQL status: COMMIT in 0.001 seconds
[0m01:52:45.902702 [debug] [MainThread]: Writing injected SQL for node "operation.yelp_analytics.yelp_analytics-on-run-start-0"
[0m01:52:45.921848 [info ] [MainThread]: 1 of 1 START hook: yelp_analytics.on-run-start.0 ............................... [RUN]
[0m01:52:45.923821 [debug] [MainThread]: Using postgres connection "master"
[0m01:52:45.925328 [debug] [MainThread]: On master: /* {"app": "dbt", "dbt_version": "1.11.2", "profile_name": "yelp_analytics", "target_name": "dev", "connection_name": "master"} */
SET timezone TO 'UTC'
[0m01:52:45.935465 [debug] [MainThread]: SQL status: SET in 0.009 seconds
[0m01:52:45.939561 [info ] [MainThread]: 1 of 1 OK hook: yelp_analytics.on-run-start.0 .................................. [[32mOK[0m in 0.05s]
[0m01:52:45.942009 [info ] [MainThread]: 
[0m01:52:45.944398 [debug] [MainThread]: On master: Close
[0m01:52:45.983429 [debug] [Thread-1 (]: Began running node test.yelp_analytics.accepted_values_business_analytics_business_tier__High_Rated__Low_Rated__Average_Rated__Limited_Reviews__No_Reviews.68dffd8ec3
[0m01:52:45.985336 [debug] [Thread-3 (]: Began running node test.yelp_analytics.accepted_values_stg_reviews_sentiment__positive__neutral__negative.a06bec4f7e
[0m01:52:45.987241 [debug] [Thread-4 (]: Began running node test.yelp_analytics.accepted_values_user_insights_user_tier__Elite_Power_User__Power_User__Active_User__Casual_User__Inactive_User.d01c1457fe
[0m01:52:45.989000 [debug] [Thread-2 (]: Began running node test.yelp_analytics.accepted_values_stg_businesses_stars__0__0_5__1__1_5__2__2_5__3__3_5__4__4_5__5.1f06b779a8
[0m01:52:45.990772 [info ] [Thread-1 (]: 1 of 34 START test accepted_values_business_analytics_business_tier__High_Rated__Low_Rated__Average_Rated__Limited_Reviews__No_Reviews  [RUN]
[0m01:52:45.993397 [info ] [Thread-3 (]: 3 of 34 START test accepted_values_stg_reviews_sentiment__positive__neutral__negative  [RUN]
[0m01:52:45.996028 [info ] [Thread-4 (]: 4 of 34 START test accepted_values_user_insights_user_tier__Elite_Power_User__Power_User__Active_User__Casual_User__Inactive_User  [RUN]
[0m01:52:45.998713 [info ] [Thread-2 (]: 2 of 34 START test accepted_values_stg_businesses_stars__0__0_5__1__1_5__2__2_5__3__3_5__4__4_5__5  [RUN]
[0m01:52:46.001541 [debug] [Thread-1 (]: Re-using an available connection from the pool (formerly list_steven_public_marts, now test.yelp_analytics.accepted_values_business_analytics_business_tier__High_Rated__Low_Rated__Average_Rated__Limited_Reviews__No_Reviews.68dffd8ec3)
[0m01:52:46.004016 [debug] [Thread-3 (]: Acquiring new postgres connection 'test.yelp_analytics.accepted_values_stg_reviews_sentiment__positive__neutral__negative.a06bec4f7e'
[0m01:52:46.006661 [debug] [Thread-4 (]: Acquiring new postgres connection 'test.yelp_analytics.accepted_values_user_insights_user_tier__Elite_Power_User__Power_User__Active_User__Casual_User__Inactive_User.d01c1457fe'
[0m01:52:46.008951 [debug] [Thread-2 (]: Re-using an available connection from the pool (formerly list_steven_public_staging, now test.yelp_analytics.accepted_values_stg_businesses_stars__0__0_5__1__1_5__2__2_5__3__3_5__4__4_5__5.1f06b779a8)
[0m01:52:46.011248 [debug] [Thread-1 (]: Began compiling node test.yelp_analytics.accepted_values_business_analytics_business_tier__High_Rated__Low_Rated__Average_Rated__Limited_Reviews__No_Reviews.68dffd8ec3
[0m01:52:46.013619 [debug] [Thread-3 (]: Began compiling node test.yelp_analytics.accepted_values_stg_reviews_sentiment__positive__neutral__negative.a06bec4f7e
[0m01:52:46.015862 [debug] [Thread-4 (]: Began compiling node test.yelp_analytics.accepted_values_user_insights_user_tier__Elite_Power_User__Power_User__Active_User__Casual_User__Inactive_User.d01c1457fe
[0m01:52:46.018142 [debug] [Thread-2 (]: Began compiling node test.yelp_analytics.accepted_values_stg_businesses_stars__0__0_5__1__1_5__2__2_5__3__3_5__4__4_5__5.1f06b779a8
[0m01:52:46.047774 [debug] [Thread-1 (]: Writing injected SQL for node "test.yelp_analytics.accepted_values_business_analytics_business_tier__High_Rated__Low_Rated__Average_Rated__Limited_Reviews__No_Reviews.68dffd8ec3"
[0m01:52:46.059860 [debug] [Thread-3 (]: Writing injected SQL for node "test.yelp_analytics.accepted_values_stg_reviews_sentiment__positive__neutral__negative.a06bec4f7e"
[0m01:52:46.071709 [debug] [Thread-4 (]: Writing injected SQL for node "test.yelp_analytics.accepted_values_user_insights_user_tier__Elite_Power_User__Power_User__Active_User__Casual_User__Inactive_User.d01c1457fe"
[0m01:52:46.087054 [debug] [Thread-2 (]: Writing injected SQL for node "test.yelp_analytics.accepted_values_stg_businesses_stars__0__0_5__1__1_5__2__2_5__3__3_5__4__4_5__5.1f06b779a8"
[0m01:52:46.091064 [debug] [Thread-3 (]: Began executing node test.yelp_analytics.accepted_values_stg_reviews_sentiment__positive__neutral__negative.a06bec4f7e
[0m01:52:46.093275 [debug] [Thread-1 (]: Began executing node test.yelp_analytics.accepted_values_business_analytics_business_tier__High_Rated__Low_Rated__Average_Rated__Limited_Reviews__No_Reviews.68dffd8ec3
[0m01:52:46.181383 [debug] [Thread-2 (]: Began executing node test.yelp_analytics.accepted_values_stg_businesses_stars__0__0_5__1__1_5__2__2_5__3__3_5__4__4_5__5.1f06b779a8
[0m01:52:46.198846 [debug] [Thread-4 (]: Began executing node test.yelp_analytics.accepted_values_user_insights_user_tier__Elite_Power_User__Power_User__Active_User__Casual_User__Inactive_User.d01c1457fe
[0m01:52:46.286900 [debug] [Thread-1 (]: Writing runtime sql for node "test.yelp_analytics.accepted_values_business_analytics_business_tier__High_Rated__Low_Rated__Average_Rated__Limited_Reviews__No_Reviews.68dffd8ec3"
[0m01:52:46.296131 [debug] [Thread-4 (]: Writing runtime sql for node "test.yelp_analytics.accepted_values_user_insights_user_tier__Elite_Power_User__Power_User__Active_User__Casual_User__Inactive_User.d01c1457fe"
[0m01:52:46.310747 [debug] [Thread-3 (]: Writing runtime sql for node "test.yelp_analytics.accepted_values_stg_reviews_sentiment__positive__neutral__negative.a06bec4f7e"
[0m01:52:46.332167 [debug] [Thread-2 (]: Writing runtime sql for node "test.yelp_analytics.accepted_values_stg_businesses_stars__0__0_5__1__1_5__2__2_5__3__3_5__4__4_5__5.1f06b779a8"
[0m01:52:46.337419 [debug] [Thread-4 (]: Using postgres connection "test.yelp_analytics.accepted_values_user_insights_user_tier__Elite_Power_User__Power_User__Active_User__Casual_User__Inactive_User.d01c1457fe"
[0m01:52:46.339411 [debug] [Thread-4 (]: On test.yelp_analytics.accepted_values_user_insights_user_tier__Elite_Power_User__Power_User__Active_User__Casual_User__Inactive_User.d01c1457fe: /* {"app": "dbt", "dbt_version": "1.11.2", "profile_name": "yelp_analytics", "target_name": "dev", "node_id": "test.yelp_analytics.accepted_values_user_insights_user_tier__Elite_Power_User__Power_User__Active_User__Casual_User__Inactive_User.d01c1457fe"} */

    select
      count(*) as failures,
      count(*) != 0 as should_warn,
      count(*) != 0 as should_error
    from (
      
    
  
    
    

with all_values as (

    select
        user_tier as value_field,
        count(*) as n_records

    from "steven"."public_marts"."user_insights"
    group by user_tier

)

select *
from all_values
where value_field not in (
    'Elite Power User','Power User','Active User','Casual User','Inactive User'
)



  
  
      
    ) dbt_internal_test
[0m01:52:46.341523 [debug] [Thread-1 (]: Using postgres connection "test.yelp_analytics.accepted_values_business_analytics_business_tier__High_Rated__Low_Rated__Average_Rated__Limited_Reviews__No_Reviews.68dffd8ec3"
[0m01:52:46.343264 [debug] [Thread-4 (]: Opening a new connection, currently in state init
[0m01:52:46.345006 [debug] [Thread-3 (]: Using postgres connection "test.yelp_analytics.accepted_values_stg_reviews_sentiment__positive__neutral__negative.a06bec4f7e"
[0m01:52:46.346712 [debug] [Thread-1 (]: On test.yelp_analytics.accepted_values_business_analytics_business_tier__High_Rated__Low_Rated__Average_Rated__Limited_Reviews__No_Reviews.68dffd8ec3: /* {"app": "dbt", "dbt_version": "1.11.2", "profile_name": "yelp_analytics", "target_name": "dev", "node_id": "test.yelp_analytics.accepted_values_business_analytics_business_tier__High_Rated__Low_Rated__Average_Rated__Limited_Reviews__No_Reviews.68dffd8ec3"} */

    select
      count(*) as failures,
      count(*) != 0 as should_warn,
      count(*) != 0 as should_error
    from (
      
    
  
    
    

with all_values as (

    select
        business_tier as value_field,
        count(*) as n_records

    from "steven"."public_marts"."business_analytics"
    group by business_tier

)

select *
from all_values
where value_field not in (
    'High Rated','Low Rated','Average Rated','Limited Reviews','No Reviews'
)



  
  
      
    ) dbt_internal_test
[0m01:52:46.349270 [debug] [Thread-2 (]: Using postgres connection "test.yelp_analytics.accepted_values_stg_businesses_stars__0__0_5__1__1_5__2__2_5__3__3_5__4__4_5__5.1f06b779a8"
[0m01:52:46.351507 [debug] [Thread-3 (]: On test.yelp_analytics.accepted_values_stg_reviews_sentiment__positive__neutral__negative.a06bec4f7e: /* {"app": "dbt", "dbt_version": "1.11.2", "profile_name": "yelp_analytics", "target_name": "dev", "node_id": "test.yelp_analytics.accepted_values_stg_reviews_sentiment__positive__neutral__negative.a06bec4f7e"} */

    select
      count(*) as failures,
      count(*) != 0 as should_warn,
      count(*) != 0 as should_error
    from (
      
    
  
    
    

with all_values as (

    select
        sentiment as value_field,
        count(*) as n_records

    from "steven"."public_staging"."stg_reviews"
    group by sentiment

)

select *
from all_values
where value_field not in (
    'positive','neutral','negative'
)



  
  
      
    ) dbt_internal_test
[0m01:52:46.353618 [debug] [Thread-1 (]: Opening a new connection, currently in state closed
[0m01:52:46.355857 [debug] [Thread-2 (]: On test.yelp_analytics.accepted_values_stg_businesses_stars__0__0_5__1__1_5__2__2_5__3__3_5__4__4_5__5.1f06b779a8: /* {"app": "dbt", "dbt_version": "1.11.2", "profile_name": "yelp_analytics", "target_name": "dev", "node_id": "test.yelp_analytics.accepted_values_stg_businesses_stars__0__0_5__1__1_5__2__2_5__3__3_5__4__4_5__5.1f06b779a8"} */

    select
      count(*) as failures,
      count(*) != 0 as should_warn,
      count(*) != 0 as should_error
    from (
      
    
  
    
    

with all_values as (

    select
        stars as value_field,
        count(*) as n_records

    from "steven"."public_staging"."stg_businesses"
    group by stars

)

select *
from all_values
where value_field not in (
    '0','0.5','1','1.5','2','2.5','3','3.5','4','4.5','5'
)



  
  
      
    ) dbt_internal_test
[0m01:52:46.358238 [debug] [Thread-3 (]: Opening a new connection, currently in state init
[0m01:52:46.361017 [debug] [Thread-2 (]: Opening a new connection, currently in state closed
[0m01:52:46.396003 [debug] [Thread-4 (]: Postgres adapter: Postgres error: relation "public_marts.user_insights" does not exist
LINE 20:     from "steven"."public_marts"."user_insights"
                  ^

[0m01:52:46.397620 [debug] [Thread-4 (]: On test.yelp_analytics.accepted_values_user_insights_user_tier__Elite_Power_User__Power_User__Active_User__Casual_User__Inactive_User.d01c1457fe: ROLLBACK
[0m01:52:46.399932 [debug] [Thread-4 (]: On test.yelp_analytics.accepted_values_user_insights_user_tier__Elite_Power_User__Power_User__Active_User__Casual_User__Inactive_User.d01c1457fe: Close
[0m01:52:46.414069 [debug] [Thread-1 (]: Postgres adapter: Postgres error: relation "public_marts.business_analytics" does not exist
LINE 20:     from "steven"."public_marts"."business_analytics"
                  ^

[0m01:52:46.416758 [debug] [Thread-3 (]: Postgres adapter: Postgres error: relation "public_staging.stg_reviews" does not exist
LINE 20:     from "steven"."public_staging"."stg_reviews"
                  ^

[0m01:52:46.418708 [debug] [Thread-1 (]: On test.yelp_analytics.accepted_values_business_analytics_business_tier__High_Rated__Low_Rated__Average_Rated__Limited_Reviews__No_Reviews.68dffd8ec3: ROLLBACK
[0m01:52:46.420404 [debug] [Thread-2 (]: Postgres adapter: Postgres error: relation "public_staging.stg_businesses" does not exist
LINE 20:     from "steven"."public_staging"."stg_businesses"
                  ^

[0m01:52:46.422239 [debug] [Thread-3 (]: On test.yelp_analytics.accepted_values_stg_reviews_sentiment__positive__neutral__negative.a06bec4f7e: ROLLBACK
[0m01:52:46.424485 [debug] [Thread-2 (]: On test.yelp_analytics.accepted_values_stg_businesses_stars__0__0_5__1__1_5__2__2_5__3__3_5__4__4_5__5.1f06b779a8: ROLLBACK
[0m01:52:46.426501 [debug] [Thread-1 (]: On test.yelp_analytics.accepted_values_business_analytics_business_tier__High_Rated__Low_Rated__Average_Rated__Limited_Reviews__No_Reviews.68dffd8ec3: Close
[0m01:52:46.429389 [debug] [Thread-3 (]: On test.yelp_analytics.accepted_values_stg_reviews_sentiment__positive__neutral__negative.a06bec4f7e: Close
[0m01:52:46.436920 [debug] [Thread-2 (]: On test.yelp_analytics.accepted_values_stg_businesses_stars__0__0_5__1__1_5__2__2_5__3__3_5__4__4_5__5.1f06b779a8: Close
[0m01:52:46.450555 [debug] [Thread-4 (]: Database Error in test accepted_values_user_insights_user_tier__Elite_Power_User__Power_User__Active_User__Casual_User__Inactive_User (models/marts/schema.yml)
  relation "public_marts.user_insights" does not exist
  LINE 20:     from "steven"."public_marts"."user_insights"
                    ^
  compiled code at target/run/yelp_analytics/models/marts/schema.yml/accepted_values_user_insights_790a04318f08bfbbf59df47e00c1492a.sql
[0m01:52:46.464649 [error] [Thread-4 (]: 4 of 34 ERROR accepted_values_user_insights_user_tier__Elite_Power_User__Power_User__Active_User__Casual_User__Inactive_User  [[31mERROR[0m in 0.46s]
[0m01:52:46.467587 [debug] [Thread-4 (]: Finished running node test.yelp_analytics.accepted_values_user_insights_user_tier__Elite_Power_User__Power_User__Active_User__Casual_User__Inactive_User.d01c1457fe
[0m01:52:46.469402 [debug] [Thread-4 (]: Began running node test.yelp_analytics.dbt_utils_expression_is_true_business_analytics_calculated_avg_rating___0_and_5.c3c499e726
[0m01:52:46.473593 [debug] [Thread-7 (]: Marking all children of 'test.yelp_analytics.accepted_values_user_insights_user_tier__Elite_Power_User__Power_User__Active_User__Casual_User__Inactive_User.d01c1457fe' to be skipped because of status 'error'.  Reason: Database Error in test accepted_values_user_insights_user_tier__Elite_Power_User__Power_User__Active_User__Casual_User__Inactive_User (models/marts/schema.yml)
  relation "public_marts.user_insights" does not exist
  LINE 20:     from "steven"."public_marts"."user_insights"
                    ^
  compiled code at target/run/yelp_analytics/models/marts/schema.yml/accepted_values_user_insights_790a04318f08bfbbf59df47e00c1492a.sql.
[0m01:52:46.471251 [info ] [Thread-4 (]: 5 of 34 START test dbt_utils_expression_is_true_business_analytics_calculated_avg_rating___0_and_5  [RUN]
[0m01:52:46.490893 [debug] [Thread-4 (]: Re-using an available connection from the pool (formerly test.yelp_analytics.accepted_values_user_insights_user_tier__Elite_Power_User__Power_User__Active_User__Casual_User__Inactive_User.d01c1457fe, now test.yelp_analytics.dbt_utils_expression_is_true_business_analytics_calculated_avg_rating___0_and_5.c3c499e726)
[0m01:52:46.492498 [debug] [Thread-1 (]: Database Error in test accepted_values_business_analytics_business_tier__High_Rated__Low_Rated__Average_Rated__Limited_Reviews__No_Reviews (models/marts/schema.yml)
  relation "public_marts.business_analytics" does not exist
  LINE 20:     from "steven"."public_marts"."business_analytics"
                    ^
  compiled code at target/run/yelp_analytics/models/marts/schema.yml/accepted_values_business_analy_f2325d3c7464edc6bf77b7e62f48ce38.sql
[0m01:52:46.494104 [debug] [Thread-4 (]: Began compiling node test.yelp_analytics.dbt_utils_expression_is_true_business_analytics_calculated_avg_rating___0_and_5.c3c499e726
[0m01:52:46.497505 [error] [Thread-1 (]: 1 of 34 ERROR accepted_values_business_analytics_business_tier__High_Rated__Low_Rated__Average_Rated__Limited_Reviews__No_Reviews  [[31mERROR[0m in 0.50s]
[0m01:52:46.519551 [debug] [Thread-1 (]: Finished running node test.yelp_analytics.accepted_values_business_analytics_business_tier__High_Rated__Low_Rated__Average_Rated__Limited_Reviews__No_Reviews.68dffd8ec3
[0m01:52:46.523045 [debug] [Thread-3 (]: Database Error in test accepted_values_stg_reviews_sentiment__positive__neutral__negative (models/staging/schema.yml)
  relation "public_staging.stg_reviews" does not exist
  LINE 20:     from "steven"."public_staging"."stg_reviews"
                    ^
  compiled code at target/run/yelp_analytics/models/staging/schema.yml/accepted_values_stg_reviews_805cb3985f9d06a173d031b01b39f026.sql
[0m01:52:46.531974 [debug] [Thread-1 (]: Began running node test.yelp_analytics.dbt_utils_expression_is_true_business_analytics_positive_review_percentage___0_and_100.80f1bf30d5
[0m01:52:46.540699 [debug] [Thread-2 (]: Database Error in test accepted_values_stg_businesses_stars__0__0_5__1__1_5__2__2_5__3__3_5__4__4_5__5 (models/staging/schema.yml)
  relation "public_staging.stg_businesses" does not exist
  LINE 20:     from "steven"."public_staging"."stg_businesses"
                    ^
  compiled code at target/run/yelp_analytics/models/staging/schema.yml/accepted_values_stg_businesses_49dab18b9769ed1baa483522d339a04f.sql
[0m01:52:46.545683 [debug] [Thread-7 (]: Marking all children of 'test.yelp_analytics.accepted_values_business_analytics_business_tier__High_Rated__Low_Rated__Average_Rated__Limited_Reviews__No_Reviews.68dffd8ec3' to be skipped because of status 'error'.  Reason: Database Error in test accepted_values_business_analytics_business_tier__High_Rated__Low_Rated__Average_Rated__Limited_Reviews__No_Reviews (models/marts/schema.yml)
  relation "public_marts.business_analytics" does not exist
  LINE 20:     from "steven"."public_marts"."business_analytics"
                    ^
  compiled code at target/run/yelp_analytics/models/marts/schema.yml/accepted_values_business_analy_f2325d3c7464edc6bf77b7e62f48ce38.sql.
[0m01:52:46.542951 [error] [Thread-3 (]: 3 of 34 ERROR accepted_values_stg_reviews_sentiment__positive__neutral__negative  [[31mERROR[0m in 0.54s]
[0m01:52:46.548569 [info ] [Thread-1 (]: 6 of 34 START test dbt_utils_expression_is_true_business_analytics_positive_review_percentage___0_and_100  [RUN]
[0m01:52:46.551949 [error] [Thread-2 (]: 2 of 34 ERROR accepted_values_stg_businesses_stars__0__0_5__1__1_5__2__2_5__3__3_5__4__4_5__5  [[31mERROR[0m in 0.54s]
[0m01:52:46.561979 [debug] [Thread-3 (]: Finished running node test.yelp_analytics.accepted_values_stg_reviews_sentiment__positive__neutral__negative.a06bec4f7e
[0m01:52:46.564050 [debug] [Thread-1 (]: Re-using an available connection from the pool (formerly test.yelp_analytics.accepted_values_business_analytics_business_tier__High_Rated__Low_Rated__Average_Rated__Limited_Reviews__No_Reviews.68dffd8ec3, now test.yelp_analytics.dbt_utils_expression_is_true_business_analytics_positive_review_percentage___0_and_100.80f1bf30d5)
[0m01:52:46.566773 [debug] [Thread-2 (]: Finished running node test.yelp_analytics.accepted_values_stg_businesses_stars__0__0_5__1__1_5__2__2_5__3__3_5__4__4_5__5.1f06b779a8
[0m01:52:46.571012 [debug] [Thread-3 (]: Began running node test.yelp_analytics.dbt_utils_expression_is_true_category_analytics_businesses_in_category___0.6eb6ca706b
[0m01:52:46.573778 [debug] [Thread-7 (]: Marking all children of 'test.yelp_analytics.accepted_values_stg_reviews_sentiment__positive__neutral__negative.a06bec4f7e' to be skipped because of status 'error'.  Reason: Database Error in test accepted_values_stg_reviews_sentiment__positive__neutral__negative (models/staging/schema.yml)
  relation "public_staging.stg_reviews" does not exist
  LINE 20:     from "steven"."public_staging"."stg_reviews"
                    ^
  compiled code at target/run/yelp_analytics/models/staging/schema.yml/accepted_values_stg_reviews_805cb3985f9d06a173d031b01b39f026.sql.
[0m01:52:46.575824 [debug] [Thread-1 (]: Began compiling node test.yelp_analytics.dbt_utils_expression_is_true_business_analytics_positive_review_percentage___0_and_100.80f1bf30d5
[0m01:52:46.578478 [debug] [Thread-2 (]: Began running node test.yelp_analytics.not_null_business_analytics_business_id.76f4379184
[0m01:52:46.581121 [info ] [Thread-3 (]: 7 of 34 START test dbt_utils_expression_is_true_category_analytics_businesses_in_category___0  [RUN]
[0m01:52:46.584190 [debug] [Thread-7 (]: Marking all children of 'test.yelp_analytics.accepted_values_stg_businesses_stars__0__0_5__1__1_5__2__2_5__3__3_5__4__4_5__5.1f06b779a8' to be skipped because of status 'error'.  Reason: Database Error in test accepted_values_stg_businesses_stars__0__0_5__1__1_5__2__2_5__3__3_5__4__4_5__5 (models/staging/schema.yml)
  relation "public_staging.stg_businesses" does not exist
  LINE 20:     from "steven"."public_staging"."stg_businesses"
                    ^
  compiled code at target/run/yelp_analytics/models/staging/schema.yml/accepted_values_stg_businesses_49dab18b9769ed1baa483522d339a04f.sql.
[0m01:52:46.598529 [info ] [Thread-2 (]: 8 of 34 START test not_null_business_analytics_business_id ..................... [RUN]
[0m01:52:46.606986 [debug] [Thread-3 (]: Re-using an available connection from the pool (formerly test.yelp_analytics.accepted_values_stg_reviews_sentiment__positive__neutral__negative.a06bec4f7e, now test.yelp_analytics.dbt_utils_expression_is_true_category_analytics_businesses_in_category___0.6eb6ca706b)
[0m01:52:46.613873 [debug] [Thread-2 (]: Re-using an available connection from the pool (formerly test.yelp_analytics.accepted_values_stg_businesses_stars__0__0_5__1__1_5__2__2_5__3__3_5__4__4_5__5.1f06b779a8, now test.yelp_analytics.not_null_business_analytics_business_id.76f4379184)
[0m01:52:46.619310 [debug] [Thread-3 (]: Began compiling node test.yelp_analytics.dbt_utils_expression_is_true_category_analytics_businesses_in_category___0.6eb6ca706b
[0m01:52:46.621881 [debug] [Thread-4 (]: Compilation Error in test dbt_utils_expression_is_true_business_analytics_calculated_avg_rating___0_and_5 (models/marts/schema.yml)
  'dbt_utils' is undefined. This can happen when calling a macro that does not exist. Check for typos and/or install package dependencies with "dbt deps".
[0m01:52:46.623854 [debug] [Thread-2 (]: Began compiling node test.yelp_analytics.not_null_business_analytics_business_id.76f4379184
[0m01:52:46.647744 [debug] [Thread-1 (]: Compilation Error in test dbt_utils_expression_is_true_business_analytics_positive_review_percentage___0_and_100 (models/marts/schema.yml)
  'dbt_utils' is undefined. This can happen when calling a macro that does not exist. Check for typos and/or install package dependencies with "dbt deps".
[0m01:52:46.652735 [error] [Thread-4 (]: 5 of 34 ERROR dbt_utils_expression_is_true_business_analytics_calculated_avg_rating___0_and_5  [[31mERROR[0m in 0.16s]
[0m01:52:46.666188 [error] [Thread-1 (]: 6 of 34 ERROR dbt_utils_expression_is_true_business_analytics_positive_review_percentage___0_and_100  [[31mERROR[0m in 0.10s]
[0m01:52:46.683393 [debug] [Thread-4 (]: Finished running node test.yelp_analytics.dbt_utils_expression_is_true_business_analytics_calculated_avg_rating___0_and_5.c3c499e726
[0m01:52:46.685749 [debug] [Thread-2 (]: Writing injected SQL for node "test.yelp_analytics.not_null_business_analytics_business_id.76f4379184"
[0m01:52:46.688217 [debug] [Thread-1 (]: Finished running node test.yelp_analytics.dbt_utils_expression_is_true_business_analytics_positive_review_percentage___0_and_100.80f1bf30d5
[0m01:52:46.694189 [debug] [Thread-4 (]: Began running node test.yelp_analytics.not_null_category_analytics_category.847e07323d
[0m01:52:46.697370 [debug] [Thread-3 (]: Compilation Error in test dbt_utils_expression_is_true_category_analytics_businesses_in_category___0 (models/marts/schema.yml)
  'dbt_utils' is undefined. This can happen when calling a macro that does not exist. Check for typos and/or install package dependencies with "dbt deps".
[0m01:52:46.699529 [debug] [Thread-7 (]: Marking all children of 'test.yelp_analytics.dbt_utils_expression_is_true_business_analytics_calculated_avg_rating___0_and_5.c3c499e726' to be skipped because of status 'error'.  Reason: Compilation Error in test dbt_utils_expression_is_true_business_analytics_calculated_avg_rating___0_and_5 (models/marts/schema.yml)
  'dbt_utils' is undefined. This can happen when calling a macro that does not exist. Check for typos and/or install package dependencies with "dbt deps"..
[0m01:52:46.702183 [debug] [Thread-1 (]: Began running node test.yelp_analytics.not_null_review_trends_city.b7192745d9
[0m01:52:46.706523 [debug] [Thread-2 (]: Began executing node test.yelp_analytics.not_null_business_analytics_business_id.76f4379184
[0m01:52:46.704508 [info ] [Thread-4 (]: 9 of 34 START test not_null_category_analytics_category ........................ [RUN]
[0m01:52:46.711446 [debug] [Thread-7 (]: Marking all children of 'test.yelp_analytics.dbt_utils_expression_is_true_business_analytics_positive_review_percentage___0_and_100.80f1bf30d5' to be skipped because of status 'error'.  Reason: Compilation Error in test dbt_utils_expression_is_true_business_analytics_positive_review_percentage___0_and_100 (models/marts/schema.yml)
  'dbt_utils' is undefined. This can happen when calling a macro that does not exist. Check for typos and/or install package dependencies with "dbt deps"..
[0m01:52:46.708696 [error] [Thread-3 (]: 7 of 34 ERROR dbt_utils_expression_is_true_category_analytics_businesses_in_category___0  [[31mERROR[0m in 0.10s]
[0m01:52:46.714300 [info ] [Thread-1 (]: 10 of 34 START test not_null_review_trends_city ................................ [RUN]
[0m01:52:46.727106 [debug] [Thread-4 (]: Re-using an available connection from the pool (formerly test.yelp_analytics.dbt_utils_expression_is_true_business_analytics_calculated_avg_rating___0_and_5.c3c499e726, now test.yelp_analytics.not_null_category_analytics_category.847e07323d)
[0m01:52:46.728331 [debug] [Thread-2 (]: Writing runtime sql for node "test.yelp_analytics.not_null_business_analytics_business_id.76f4379184"
[0m01:52:46.731251 [debug] [Thread-3 (]: Finished running node test.yelp_analytics.dbt_utils_expression_is_true_category_analytics_businesses_in_category___0.6eb6ca706b
[0m01:52:46.733565 [debug] [Thread-1 (]: Re-using an available connection from the pool (formerly test.yelp_analytics.dbt_utils_expression_is_true_business_analytics_positive_review_percentage___0_and_100.80f1bf30d5, now test.yelp_analytics.not_null_review_trends_city.b7192745d9)
[0m01:52:46.735492 [debug] [Thread-4 (]: Began compiling node test.yelp_analytics.not_null_category_analytics_category.847e07323d
[0m01:52:46.738056 [debug] [Thread-3 (]: Began running node test.yelp_analytics.not_null_review_trends_month.82cd34bfdd
[0m01:52:46.740511 [debug] [Thread-7 (]: Marking all children of 'test.yelp_analytics.dbt_utils_expression_is_true_category_analytics_businesses_in_category___0.6eb6ca706b' to be skipped because of status 'error'.  Reason: Compilation Error in test dbt_utils_expression_is_true_category_analytics_businesses_in_category___0 (models/marts/schema.yml)
  'dbt_utils' is undefined. This can happen when calling a macro that does not exist. Check for typos and/or install package dependencies with "dbt deps"..
[0m01:52:46.742648 [debug] [Thread-1 (]: Began compiling node test.yelp_analytics.not_null_review_trends_city.b7192745d9
[0m01:52:46.757956 [debug] [Thread-4 (]: Writing injected SQL for node "test.yelp_analytics.not_null_category_analytics_category.847e07323d"
[0m01:52:46.759548 [debug] [Thread-2 (]: Using postgres connection "test.yelp_analytics.not_null_business_analytics_business_id.76f4379184"
[0m01:52:46.760946 [info ] [Thread-3 (]: 11 of 34 START test not_null_review_trends_month ............................... [RUN]
[0m01:52:46.778126 [debug] [Thread-1 (]: Writing injected SQL for node "test.yelp_analytics.not_null_review_trends_city.b7192745d9"
[0m01:52:46.779878 [debug] [Thread-2 (]: On test.yelp_analytics.not_null_business_analytics_business_id.76f4379184: /* {"app": "dbt", "dbt_version": "1.11.2", "profile_name": "yelp_analytics", "target_name": "dev", "node_id": "test.yelp_analytics.not_null_business_analytics_business_id.76f4379184"} */

    select
      count(*) as failures,
      count(*) != 0 as should_warn,
      count(*) != 0 as should_error
    from (
      
    
  
    
    



select business_id
from "steven"."public_marts"."business_analytics"
where business_id is null



  
  
      
    ) dbt_internal_test
[0m01:52:46.781799 [debug] [Thread-3 (]: Re-using an available connection from the pool (formerly test.yelp_analytics.dbt_utils_expression_is_true_category_analytics_businesses_in_category___0.6eb6ca706b, now test.yelp_analytics.not_null_review_trends_month.82cd34bfdd)
[0m01:52:46.783924 [debug] [Thread-4 (]: Began executing node test.yelp_analytics.not_null_category_analytics_category.847e07323d
[0m01:52:46.785988 [debug] [Thread-2 (]: Opening a new connection, currently in state closed
[0m01:52:46.788336 [debug] [Thread-3 (]: Began compiling node test.yelp_analytics.not_null_review_trends_month.82cd34bfdd
[0m01:52:46.790329 [debug] [Thread-1 (]: Began executing node test.yelp_analytics.not_null_review_trends_city.b7192745d9
[0m01:52:46.802538 [debug] [Thread-4 (]: Writing runtime sql for node "test.yelp_analytics.not_null_category_analytics_category.847e07323d"
[0m01:52:46.823146 [debug] [Thread-3 (]: Writing injected SQL for node "test.yelp_analytics.not_null_review_trends_month.82cd34bfdd"
[0m01:52:46.826219 [debug] [Thread-1 (]: Writing runtime sql for node "test.yelp_analytics.not_null_review_trends_city.b7192745d9"
[0m01:52:46.828835 [debug] [Thread-3 (]: Began executing node test.yelp_analytics.not_null_review_trends_month.82cd34bfdd
[0m01:52:46.837894 [debug] [Thread-1 (]: Using postgres connection "test.yelp_analytics.not_null_review_trends_city.b7192745d9"
[0m01:52:46.845697 [debug] [Thread-1 (]: On test.yelp_analytics.not_null_review_trends_city.b7192745d9: /* {"app": "dbt", "dbt_version": "1.11.2", "profile_name": "yelp_analytics", "target_name": "dev", "node_id": "test.yelp_analytics.not_null_review_trends_city.b7192745d9"} */

    select
      count(*) as failures,
      count(*) != 0 as should_warn,
      count(*) != 0 as should_error
    from (
      
    
  
    
    



select city
from "steven"."public_marts"."review_trends"
where city is null



  
  
      
    ) dbt_internal_test
[0m01:52:46.848219 [debug] [Thread-1 (]: Opening a new connection, currently in state closed
[0m01:52:46.851591 [debug] [Thread-3 (]: Writing runtime sql for node "test.yelp_analytics.not_null_review_trends_month.82cd34bfdd"
[0m01:52:46.863271 [debug] [Thread-3 (]: Using postgres connection "test.yelp_analytics.not_null_review_trends_month.82cd34bfdd"
[0m01:52:46.868272 [debug] [Thread-3 (]: On test.yelp_analytics.not_null_review_trends_month.82cd34bfdd: /* {"app": "dbt", "dbt_version": "1.11.2", "profile_name": "yelp_analytics", "target_name": "dev", "node_id": "test.yelp_analytics.not_null_review_trends_month.82cd34bfdd"} */

    select
      count(*) as failures,
      count(*) != 0 as should_warn,
      count(*) != 0 as should_error
    from (
      
    
  
    
    



select month
from "steven"."public_marts"."review_trends"
where month is null



  
  
      
    ) dbt_internal_test
[0m01:52:46.865831 [debug] [Thread-2 (]: Postgres adapter: Postgres error: relation "public_marts.business_analytics" does not exist
LINE 17: from "steven"."public_marts"."business_analytics"
              ^

[0m01:52:46.872778 [debug] [Thread-2 (]: On test.yelp_analytics.not_null_business_analytics_business_id.76f4379184: ROLLBACK
[0m01:52:46.855911 [debug] [Thread-4 (]: Using postgres connection "test.yelp_analytics.not_null_category_analytics_category.847e07323d"
[0m01:52:46.870643 [debug] [Thread-3 (]: Opening a new connection, currently in state closed
[0m01:52:46.876047 [debug] [Thread-4 (]: On test.yelp_analytics.not_null_category_analytics_category.847e07323d: /* {"app": "dbt", "dbt_version": "1.11.2", "profile_name": "yelp_analytics", "target_name": "dev", "node_id": "test.yelp_analytics.not_null_category_analytics_category.847e07323d"} */

    select
      count(*) as failures,
      count(*) != 0 as should_warn,
      count(*) != 0 as should_error
    from (
      
    
  
    
    



select category
from "steven"."public_marts"."category_analytics"
where category is null



  
  
      
    ) dbt_internal_test
[0m01:52:46.878754 [debug] [Thread-2 (]: On test.yelp_analytics.not_null_business_analytics_business_id.76f4379184: Close
[0m01:52:46.881971 [debug] [Thread-4 (]: Opening a new connection, currently in state closed
[0m01:52:46.904662 [debug] [Thread-2 (]: Database Error in test not_null_business_analytics_business_id (models/marts/schema.yml)
  relation "public_marts.business_analytics" does not exist
  LINE 17: from "steven"."public_marts"."business_analytics"
                ^
  compiled code at target/run/yelp_analytics/models/marts/schema.yml/not_null_business_analytics_business_id.sql
[0m01:52:46.907528 [error] [Thread-2 (]: 8 of 34 ERROR not_null_business_analytics_business_id .......................... [[31mERROR[0m in 0.29s]
[0m01:52:46.910583 [debug] [Thread-2 (]: Finished running node test.yelp_analytics.not_null_business_analytics_business_id.76f4379184
[0m01:52:46.912514 [debug] [Thread-2 (]: Began running node test.yelp_analytics.not_null_stg_businesses_business_id.8c779f06d4
[0m01:52:46.914695 [debug] [Thread-1 (]: Postgres adapter: Postgres error: relation "public_marts.review_trends" does not exist
LINE 17: from "steven"."public_marts"."review_trends"
              ^

[0m01:52:46.921596 [debug] [Thread-1 (]: On test.yelp_analytics.not_null_review_trends_city.b7192745d9: ROLLBACK
[0m01:52:46.916528 [info ] [Thread-2 (]: 12 of 34 START test not_null_stg_businesses_business_id ........................ [RUN]
[0m01:52:46.923840 [debug] [Thread-2 (]: Re-using an available connection from the pool (formerly test.yelp_analytics.not_null_business_analytics_business_id.76f4379184, now test.yelp_analytics.not_null_stg_businesses_business_id.8c779f06d4)
[0m01:52:46.919853 [debug] [Thread-7 (]: Marking all children of 'test.yelp_analytics.not_null_business_analytics_business_id.76f4379184' to be skipped because of status 'error'.  Reason: Database Error in test not_null_business_analytics_business_id (models/marts/schema.yml)
  relation "public_marts.business_analytics" does not exist
  LINE 17: from "steven"."public_marts"."business_analytics"
                ^
  compiled code at target/run/yelp_analytics/models/marts/schema.yml/not_null_business_analytics_business_id.sql.
[0m01:52:46.929262 [debug] [Thread-1 (]: On test.yelp_analytics.not_null_review_trends_city.b7192745d9: Close
[0m01:52:46.925507 [debug] [Thread-2 (]: Began compiling node test.yelp_analytics.not_null_stg_businesses_business_id.8c779f06d4
[0m01:52:46.951870 [debug] [Thread-2 (]: Writing injected SQL for node "test.yelp_analytics.not_null_stg_businesses_business_id.8c779f06d4"
[0m01:52:46.954001 [debug] [Thread-3 (]: Postgres adapter: Postgres error: relation "public_marts.review_trends" does not exist
LINE 17: from "steven"."public_marts"."review_trends"
              ^

[0m01:52:46.956203 [debug] [Thread-4 (]: Postgres adapter: Postgres error: relation "public_marts.category_analytics" does not exist
LINE 17: from "steven"."public_marts"."category_analytics"
              ^

[0m01:52:46.958747 [debug] [Thread-3 (]: On test.yelp_analytics.not_null_review_trends_month.82cd34bfdd: ROLLBACK
[0m01:52:46.960749 [debug] [Thread-4 (]: On test.yelp_analytics.not_null_category_analytics_category.847e07323d: ROLLBACK
[0m01:52:46.964292 [debug] [Thread-3 (]: On test.yelp_analytics.not_null_review_trends_month.82cd34bfdd: Close
[0m01:52:46.965889 [debug] [Thread-2 (]: Began executing node test.yelp_analytics.not_null_stg_businesses_business_id.8c779f06d4
[0m01:52:46.977645 [debug] [Thread-1 (]: Database Error in test not_null_review_trends_city (models/marts/schema.yml)
  relation "public_marts.review_trends" does not exist
  LINE 17: from "steven"."public_marts"."review_trends"
                ^
  compiled code at target/run/yelp_analytics/models/marts/schema.yml/not_null_review_trends_city.sql
[0m01:52:46.992193 [debug] [Thread-2 (]: Writing runtime sql for node "test.yelp_analytics.not_null_stg_businesses_business_id.8c779f06d4"
[0m01:52:46.996768 [debug] [Thread-4 (]: On test.yelp_analytics.not_null_category_analytics_category.847e07323d: Close
[0m01:52:46.994750 [error] [Thread-1 (]: 10 of 34 ERROR not_null_review_trends_city ..................................... [[31mERROR[0m in 0.26s]
[0m01:52:47.002005 [debug] [Thread-1 (]: Finished running node test.yelp_analytics.not_null_review_trends_city.b7192745d9
[0m01:52:47.008403 [debug] [Thread-1 (]: Began running node test.yelp_analytics.not_null_stg_reviews_review_id.943b8fc3e4
[0m01:52:47.010427 [debug] [Thread-2 (]: Using postgres connection "test.yelp_analytics.not_null_stg_businesses_business_id.8c779f06d4"
[0m01:52:47.012620 [debug] [Thread-7 (]: Marking all children of 'test.yelp_analytics.not_null_review_trends_city.b7192745d9' to be skipped because of status 'error'.  Reason: Database Error in test not_null_review_trends_city (models/marts/schema.yml)
  relation "public_marts.review_trends" does not exist
  LINE 17: from "steven"."public_marts"."review_trends"
                ^
  compiled code at target/run/yelp_analytics/models/marts/schema.yml/not_null_review_trends_city.sql.
[0m01:52:47.014210 [info ] [Thread-1 (]: 13 of 34 START test not_null_stg_reviews_review_id ............................. [RUN]
[0m01:52:47.024790 [debug] [Thread-2 (]: On test.yelp_analytics.not_null_stg_businesses_business_id.8c779f06d4: /* {"app": "dbt", "dbt_version": "1.11.2", "profile_name": "yelp_analytics", "target_name": "dev", "node_id": "test.yelp_analytics.not_null_stg_businesses_business_id.8c779f06d4"} */

    select
      count(*) as failures,
      count(*) != 0 as should_warn,
      count(*) != 0 as should_error
    from (
      
    
  
    
    



select business_id
from "steven"."public_staging"."stg_businesses"
where business_id is null



  
  
      
    ) dbt_internal_test
[0m01:52:47.029057 [debug] [Thread-3 (]: Database Error in test not_null_review_trends_month (models/marts/schema.yml)
  relation "public_marts.review_trends" does not exist
  LINE 17: from "steven"."public_marts"."review_trends"
                ^
  compiled code at target/run/yelp_analytics/models/marts/schema.yml/not_null_review_trends_month.sql
[0m01:52:47.031652 [debug] [Thread-1 (]: Re-using an available connection from the pool (formerly test.yelp_analytics.not_null_review_trends_city.b7192745d9, now test.yelp_analytics.not_null_stg_reviews_review_id.943b8fc3e4)
[0m01:52:47.034209 [debug] [Thread-2 (]: Opening a new connection, currently in state closed
[0m01:52:47.044675 [error] [Thread-3 (]: 11 of 34 ERROR not_null_review_trends_month .................................... [[31mERROR[0m in 0.26s]
[0m01:52:47.047587 [debug] [Thread-1 (]: Began compiling node test.yelp_analytics.not_null_stg_reviews_review_id.943b8fc3e4
[0m01:52:47.050559 [debug] [Thread-4 (]: Database Error in test not_null_category_analytics_category (models/marts/schema.yml)
  relation "public_marts.category_analytics" does not exist
  LINE 17: from "steven"."public_marts"."category_analytics"
                ^
  compiled code at target/run/yelp_analytics/models/marts/schema.yml/not_null_category_analytics_category.sql
[0m01:52:47.055227 [debug] [Thread-3 (]: Finished running node test.yelp_analytics.not_null_review_trends_month.82cd34bfdd
[0m01:52:47.073224 [debug] [Thread-1 (]: Writing injected SQL for node "test.yelp_analytics.not_null_stg_reviews_review_id.943b8fc3e4"
[0m01:52:47.068616 [error] [Thread-4 (]: 9 of 34 ERROR not_null_category_analytics_category ............................. [[31mERROR[0m in 0.34s]
[0m01:52:47.075908 [debug] [Thread-3 (]: Began running node test.yelp_analytics.not_null_stg_users_user_id.980dfc1b77
[0m01:52:47.078283 [debug] [Thread-7 (]: Marking all children of 'test.yelp_analytics.not_null_review_trends_month.82cd34bfdd' to be skipped because of status 'error'.  Reason: Database Error in test not_null_review_trends_month (models/marts/schema.yml)
  relation "public_marts.review_trends" does not exist
  LINE 17: from "steven"."public_marts"."review_trends"
                ^
  compiled code at target/run/yelp_analytics/models/marts/schema.yml/not_null_review_trends_month.sql.
[0m01:52:47.081206 [debug] [Thread-4 (]: Finished running node test.yelp_analytics.not_null_category_analytics_category.847e07323d
[0m01:52:47.084519 [debug] [Thread-1 (]: Began executing node test.yelp_analytics.not_null_stg_reviews_review_id.943b8fc3e4
[0m01:52:47.083036 [info ] [Thread-3 (]: 14 of 34 START test not_null_stg_users_user_id ................................. [RUN]
[0m01:52:47.086816 [debug] [Thread-4 (]: Began running node test.yelp_analytics.not_null_user_insights_user_id.4d906d2b1e
[0m01:52:47.088636 [debug] [Thread-7 (]: Marking all children of 'test.yelp_analytics.not_null_category_analytics_category.847e07323d' to be skipped because of status 'error'.  Reason: Database Error in test not_null_category_analytics_category (models/marts/schema.yml)
  relation "public_marts.category_analytics" does not exist
  LINE 17: from "steven"."public_marts"."category_analytics"
                ^
  compiled code at target/run/yelp_analytics/models/marts/schema.yml/not_null_category_analytics_category.sql.
[0m01:52:47.101242 [debug] [Thread-1 (]: Writing runtime sql for node "test.yelp_analytics.not_null_stg_reviews_review_id.943b8fc3e4"
[0m01:52:47.103391 [debug] [Thread-2 (]: Postgres adapter: Postgres error: relation "public_staging.stg_businesses" does not exist
LINE 17: from "steven"."public_staging"."stg_businesses"
              ^

[0m01:52:47.105590 [debug] [Thread-3 (]: Re-using an available connection from the pool (formerly test.yelp_analytics.not_null_review_trends_month.82cd34bfdd, now test.yelp_analytics.not_null_stg_users_user_id.980dfc1b77)
[0m01:52:47.107809 [info ] [Thread-4 (]: 15 of 34 START test not_null_user_insights_user_id ............................. [RUN]
[0m01:52:47.111273 [debug] [Thread-2 (]: On test.yelp_analytics.not_null_stg_businesses_business_id.8c779f06d4: ROLLBACK
[0m01:52:47.113299 [debug] [Thread-3 (]: Began compiling node test.yelp_analytics.not_null_stg_users_user_id.980dfc1b77
[0m01:52:47.115520 [debug] [Thread-4 (]: Re-using an available connection from the pool (formerly test.yelp_analytics.not_null_category_analytics_category.847e07323d, now test.yelp_analytics.not_null_user_insights_user_id.4d906d2b1e)
[0m01:52:47.117665 [debug] [Thread-1 (]: Using postgres connection "test.yelp_analytics.not_null_stg_reviews_review_id.943b8fc3e4"
[0m01:52:47.131037 [debug] [Thread-2 (]: On test.yelp_analytics.not_null_stg_businesses_business_id.8c779f06d4: Close
[0m01:52:47.133504 [debug] [Thread-3 (]: Writing injected SQL for node "test.yelp_analytics.not_null_stg_users_user_id.980dfc1b77"
[0m01:52:47.134973 [debug] [Thread-4 (]: Began compiling node test.yelp_analytics.not_null_user_insights_user_id.4d906d2b1e
[0m01:52:47.136653 [debug] [Thread-1 (]: On test.yelp_analytics.not_null_stg_reviews_review_id.943b8fc3e4: /* {"app": "dbt", "dbt_version": "1.11.2", "profile_name": "yelp_analytics", "target_name": "dev", "node_id": "test.yelp_analytics.not_null_stg_reviews_review_id.943b8fc3e4"} */

    select
      count(*) as failures,
      count(*) != 0 as should_warn,
      count(*) != 0 as should_error
    from (
      
    
  
    
    



select review_id
from "steven"."public_staging"."stg_reviews"
where review_id is null



  
  
      
    ) dbt_internal_test
[0m01:52:47.153260 [debug] [Thread-1 (]: Opening a new connection, currently in state closed
[0m01:52:47.158154 [debug] [Thread-4 (]: Writing injected SQL for node "test.yelp_analytics.not_null_user_insights_user_id.4d906d2b1e"
[0m01:52:47.160783 [debug] [Thread-3 (]: Began executing node test.yelp_analytics.not_null_stg_users_user_id.980dfc1b77
[0m01:52:47.163928 [debug] [Thread-4 (]: Began executing node test.yelp_analytics.not_null_user_insights_user_id.4d906d2b1e
[0m01:52:47.187150 [debug] [Thread-2 (]: Database Error in test not_null_stg_businesses_business_id (models/staging/schema.yml)
  relation "public_staging.stg_businesses" does not exist
  LINE 17: from "steven"."public_staging"."stg_businesses"
                ^
  compiled code at target/run/yelp_analytics/models/staging/schema.yml/not_null_stg_businesses_business_id.sql
[0m01:52:47.193914 [debug] [Thread-3 (]: Writing runtime sql for node "test.yelp_analytics.not_null_stg_users_user_id.980dfc1b77"
[0m01:52:47.202560 [debug] [Thread-3 (]: Using postgres connection "test.yelp_analytics.not_null_stg_users_user_id.980dfc1b77"
[0m01:52:47.196669 [debug] [Thread-4 (]: Writing runtime sql for node "test.yelp_analytics.not_null_user_insights_user_id.4d906d2b1e"
[0m01:52:47.204523 [debug] [Thread-3 (]: On test.yelp_analytics.not_null_stg_users_user_id.980dfc1b77: /* {"app": "dbt", "dbt_version": "1.11.2", "profile_name": "yelp_analytics", "target_name": "dev", "node_id": "test.yelp_analytics.not_null_stg_users_user_id.980dfc1b77"} */

    select
      count(*) as failures,
      count(*) != 0 as should_warn,
      count(*) != 0 as should_error
    from (
      
    
  
    
    



select user_id
from "steven"."public_staging"."stg_users"
where user_id is null



  
  
      
    ) dbt_internal_test
[0m01:52:47.209454 [debug] [Thread-3 (]: Opening a new connection, currently in state closed
[0m01:52:47.207055 [debug] [Thread-1 (]: Postgres adapter: Postgres error: relation "public_staging.stg_reviews" does not exist
LINE 17: from "steven"."public_staging"."stg_reviews"
              ^

[0m01:52:47.199257 [error] [Thread-2 (]: 12 of 34 ERROR not_null_stg_businesses_business_id ............................. [[31mERROR[0m in 0.28s]
[0m01:52:47.214033 [debug] [Thread-1 (]: On test.yelp_analytics.not_null_stg_reviews_review_id.943b8fc3e4: ROLLBACK
[0m01:52:47.211928 [debug] [Thread-4 (]: Using postgres connection "test.yelp_analytics.not_null_user_insights_user_id.4d906d2b1e"
[0m01:52:47.216854 [debug] [Thread-2 (]: Finished running node test.yelp_analytics.not_null_stg_businesses_business_id.8c779f06d4
[0m01:52:47.218902 [debug] [Thread-4 (]: On test.yelp_analytics.not_null_user_insights_user_id.4d906d2b1e: /* {"app": "dbt", "dbt_version": "1.11.2", "profile_name": "yelp_analytics", "target_name": "dev", "node_id": "test.yelp_analytics.not_null_user_insights_user_id.4d906d2b1e"} */

    select
      count(*) as failures,
      count(*) != 0 as should_warn,
      count(*) != 0 as should_error
    from (
      
    
  
    
    



select user_id
from "steven"."public_marts"."user_insights"
where user_id is null



  
  
      
    ) dbt_internal_test
[0m01:52:47.226231 [debug] [Thread-4 (]: Opening a new connection, currently in state closed
[0m01:52:47.221316 [debug] [Thread-2 (]: Began running node test.yelp_analytics.orphaned_reviews
[0m01:52:47.228739 [debug] [Thread-1 (]: On test.yelp_analytics.not_null_stg_reviews_review_id.943b8fc3e4: Close
[0m01:52:47.224648 [debug] [Thread-7 (]: Marking all children of 'test.yelp_analytics.not_null_stg_businesses_business_id.8c779f06d4' to be skipped because of status 'error'.  Reason: Database Error in test not_null_stg_businesses_business_id (models/staging/schema.yml)
  relation "public_staging.stg_businesses" does not exist
  LINE 17: from "steven"."public_staging"."stg_businesses"
                ^
  compiled code at target/run/yelp_analytics/models/staging/schema.yml/not_null_stg_businesses_business_id.sql.
[0m01:52:47.231296 [info ] [Thread-2 (]: 16 of 34 START test orphaned_reviews ........................................... [RUN]
[0m01:52:47.238928 [debug] [Thread-2 (]: Re-using an available connection from the pool (formerly test.yelp_analytics.not_null_stg_businesses_business_id.8c779f06d4, now test.yelp_analytics.orphaned_reviews)
[0m01:52:47.248130 [debug] [Thread-2 (]: Began compiling node test.yelp_analytics.orphaned_reviews
[0m01:52:47.262904 [debug] [Thread-2 (]: Writing injected SQL for node "test.yelp_analytics.orphaned_reviews"
[0m01:52:47.268652 [debug] [Thread-1 (]: Database Error in test not_null_stg_reviews_review_id (models/staging/schema.yml)
  relation "public_staging.stg_reviews" does not exist
  LINE 17: from "steven"."public_staging"."stg_reviews"
                ^
  compiled code at target/run/yelp_analytics/models/staging/schema.yml/not_null_stg_reviews_review_id.sql
[0m01:52:47.272255 [debug] [Thread-3 (]: Postgres adapter: Postgres error: relation "public_staging.stg_users" does not exist
LINE 17: from "steven"."public_staging"."stg_users"
              ^

[0m01:52:47.274564 [debug] [Thread-2 (]: Began executing node test.yelp_analytics.orphaned_reviews
[0m01:52:47.277429 [error] [Thread-1 (]: 13 of 34 ERROR not_null_stg_reviews_review_id .................................. [[31mERROR[0m in 0.25s]
[0m01:52:47.280132 [debug] [Thread-3 (]: On test.yelp_analytics.not_null_stg_users_user_id.980dfc1b77: ROLLBACK
[0m01:52:47.317831 [debug] [Thread-1 (]: Finished running node test.yelp_analytics.not_null_stg_reviews_review_id.943b8fc3e4
[0m01:52:47.319412 [debug] [Thread-4 (]: Postgres adapter: Postgres error: relation "public_marts.user_insights" does not exist
LINE 17: from "steven"."public_marts"."user_insights"
              ^

[0m01:52:47.320934 [debug] [Thread-2 (]: Writing runtime sql for node "test.yelp_analytics.orphaned_reviews"
[0m01:52:47.323005 [debug] [Thread-1 (]: Began running node test.yelp_analytics.orphaned_tips
[0m01:52:47.324956 [debug] [Thread-7 (]: Marking all children of 'test.yelp_analytics.not_null_stg_reviews_review_id.943b8fc3e4' to be skipped because of status 'error'.  Reason: Database Error in test not_null_stg_reviews_review_id (models/staging/schema.yml)
  relation "public_staging.stg_reviews" does not exist
  LINE 17: from "steven"."public_staging"."stg_reviews"
                ^
  compiled code at target/run/yelp_analytics/models/staging/schema.yml/not_null_stg_reviews_review_id.sql.
[0m01:52:47.326850 [debug] [Thread-3 (]: On test.yelp_analytics.not_null_stg_users_user_id.980dfc1b77: Close
[0m01:52:47.328384 [debug] [Thread-4 (]: On test.yelp_analytics.not_null_user_insights_user_id.4d906d2b1e: ROLLBACK
[0m01:52:47.330500 [info ] [Thread-1 (]: 17 of 34 START test orphaned_tips .............................................. [RUN]
[0m01:52:47.344556 [debug] [Thread-2 (]: Using postgres connection "test.yelp_analytics.orphaned_reviews"
[0m01:52:47.348984 [debug] [Thread-1 (]: Re-using an available connection from the pool (formerly test.yelp_analytics.not_null_stg_reviews_review_id.943b8fc3e4, now test.yelp_analytics.orphaned_tips)
[0m01:52:47.351115 [debug] [Thread-4 (]: On test.yelp_analytics.not_null_user_insights_user_id.4d906d2b1e: Close
[0m01:52:47.363494 [debug] [Thread-2 (]: On test.yelp_analytics.orphaned_reviews: /* {"app": "dbt", "dbt_version": "1.11.2", "profile_name": "yelp_analytics", "target_name": "dev", "node_id": "test.yelp_analytics.orphaned_reviews"} */

    select
      count(*) as failures,
      count(*) != 0 as should_warn,
      count(*) != 0 as should_error
    from (
      
    
  -- Test for orphaned reviews (reviews without matching business)

select
    r.review_id,
    r.business_id
from "steven"."public_staging"."stg_reviews" r
left join "steven"."public_staging"."stg_businesses" b on r.business_id = b.business_id
where b.business_id is null
  
  
      
    ) dbt_internal_test
[0m01:52:47.367121 [debug] [Thread-3 (]: Database Error in test not_null_stg_users_user_id (models/staging/schema.yml)
  relation "public_staging.stg_users" does not exist
  LINE 17: from "steven"."public_staging"."stg_users"
                ^
  compiled code at target/run/yelp_analytics/models/staging/schema.yml/not_null_stg_users_user_id.sql
[0m01:52:47.368938 [debug] [Thread-1 (]: Began compiling node test.yelp_analytics.orphaned_tips
[0m01:52:47.379341 [debug] [Thread-2 (]: Opening a new connection, currently in state closed
[0m01:52:47.381662 [error] [Thread-3 (]: 14 of 34 ERROR not_null_stg_users_user_id ...................................... [[31mERROR[0m in 0.28s]
[0m01:52:47.403191 [debug] [Thread-3 (]: Finished running node test.yelp_analytics.not_null_stg_users_user_id.980dfc1b77
[0m01:52:47.405402 [debug] [Thread-3 (]: Began running node test.yelp_analytics.review_count_consistency
[0m01:52:47.412879 [debug] [Thread-1 (]: Writing injected SQL for node "test.yelp_analytics.orphaned_tips"
[0m01:52:47.420269 [debug] [Thread-7 (]: Marking all children of 'test.yelp_analytics.not_null_stg_users_user_id.980dfc1b77' to be skipped because of status 'error'.  Reason: Database Error in test not_null_stg_users_user_id (models/staging/schema.yml)
  relation "public_staging.stg_users" does not exist
  LINE 17: from "steven"."public_staging"."stg_users"
                ^
  compiled code at target/run/yelp_analytics/models/staging/schema.yml/not_null_stg_users_user_id.sql.
[0m01:52:47.423431 [debug] [Thread-4 (]: Database Error in test not_null_user_insights_user_id (models/marts/schema.yml)
  relation "public_marts.user_insights" does not exist
  LINE 17: from "steven"."public_marts"."user_insights"
                ^
  compiled code at target/run/yelp_analytics/models/marts/schema.yml/not_null_user_insights_user_id.sql
[0m01:52:47.415057 [info ] [Thread-3 (]: 18 of 34 START test review_count_consistency ................................... [RUN]
[0m01:52:47.426345 [debug] [Thread-1 (]: Began executing node test.yelp_analytics.orphaned_tips
[0m01:52:47.429155 [error] [Thread-4 (]: 15 of 34 ERROR not_null_user_insights_user_id .................................. [[31mERROR[0m in 0.31s]
[0m01:52:47.432175 [debug] [Thread-3 (]: Re-using an available connection from the pool (formerly test.yelp_analytics.not_null_stg_users_user_id.980dfc1b77, now test.yelp_analytics.review_count_consistency)
[0m01:52:47.442057 [debug] [Thread-2 (]: Postgres adapter: Postgres error: relation "public_staging.stg_reviews" does not exist
LINE 15: from "steven"."public_staging"."stg_reviews" r
              ^

[0m01:52:47.446778 [debug] [Thread-1 (]: Writing runtime sql for node "test.yelp_analytics.orphaned_tips"
[0m01:52:47.449159 [debug] [Thread-4 (]: Finished running node test.yelp_analytics.not_null_user_insights_user_id.4d906d2b1e
[0m01:52:47.450705 [debug] [Thread-3 (]: Began compiling node test.yelp_analytics.review_count_consistency
[0m01:52:47.452346 [debug] [Thread-2 (]: On test.yelp_analytics.orphaned_reviews: ROLLBACK
[0m01:52:47.455653 [debug] [Thread-1 (]: Using postgres connection "test.yelp_analytics.orphaned_tips"
[0m01:52:47.458025 [debug] [Thread-4 (]: Began running node test.yelp_analytics.source_not_null_yelp_business_business_id.8bec88fd84
[0m01:52:47.460957 [debug] [Thread-7 (]: Marking all children of 'test.yelp_analytics.not_null_user_insights_user_id.4d906d2b1e' to be skipped because of status 'error'.  Reason: Database Error in test not_null_user_insights_user_id (models/marts/schema.yml)
  relation "public_marts.user_insights" does not exist
  LINE 17: from "steven"."public_marts"."user_insights"
                ^
  compiled code at target/run/yelp_analytics/models/marts/schema.yml/not_null_user_insights_user_id.sql.
[0m01:52:47.471496 [debug] [Thread-3 (]: Writing injected SQL for node "test.yelp_analytics.review_count_consistency"
[0m01:52:47.473907 [debug] [Thread-1 (]: On test.yelp_analytics.orphaned_tips: /* {"app": "dbt", "dbt_version": "1.11.2", "profile_name": "yelp_analytics", "target_name": "dev", "node_id": "test.yelp_analytics.orphaned_tips"} */

    select
      count(*) as failures,
      count(*) != 0 as should_warn,
      count(*) != 0 as should_error
    from (
      
    
  -- Test for orphaned tips (tips without matching users or businesses)

with missing_users as (
    select
        t.user_id,
        t.business_id,
        'missing_user' as issue_type
    from "steven"."public_staging"."stg_tips" t
    left join "steven"."public_staging"."stg_users" u on t.user_id = u.user_id
    where u.user_id is null
),

missing_businesses as (
    select
        t.user_id,
        t.business_id,
        'missing_business' as issue_type
    from "steven"."public_staging"."stg_tips" t
    left join "steven"."public_staging"."stg_businesses" b on t.business_id = b.business_id
    where b.business_id is null
)

select * from missing_users
union all
select * from missing_businesses
  
  
      
    ) dbt_internal_test
[0m01:52:47.476168 [debug] [Thread-2 (]: On test.yelp_analytics.orphaned_reviews: Close
[0m01:52:47.477559 [info ] [Thread-4 (]: 19 of 34 START test source_not_null_yelp_business_business_id .................. [RUN]
[0m01:52:47.479840 [debug] [Thread-1 (]: Opening a new connection, currently in state closed
[0m01:52:47.481801 [debug] [Thread-3 (]: Began executing node test.yelp_analytics.review_count_consistency
[0m01:52:47.483851 [debug] [Thread-4 (]: Re-using an available connection from the pool (formerly test.yelp_analytics.not_null_user_insights_user_id.4d906d2b1e, now test.yelp_analytics.source_not_null_yelp_business_business_id.8bec88fd84)
[0m01:52:47.498635 [debug] [Thread-3 (]: Writing runtime sql for node "test.yelp_analytics.review_count_consistency"
[0m01:52:47.501164 [debug] [Thread-4 (]: Began compiling node test.yelp_analytics.source_not_null_yelp_business_business_id.8bec88fd84
[0m01:52:47.519884 [debug] [Thread-2 (]: Database Error in test orphaned_reviews (tests/orphaned_reviews.sql)
  relation "public_staging.stg_reviews" does not exist
  LINE 15: from "steven"."public_staging"."stg_reviews" r
                ^
  compiled code at target/run/yelp_analytics/tests/orphaned_reviews.sql
[0m01:52:47.526971 [error] [Thread-2 (]: 16 of 34 ERROR orphaned_reviews ................................................ [[31mERROR[0m in 0.29s]
[0m01:52:47.532902 [debug] [Thread-4 (]: Writing injected SQL for node "test.yelp_analytics.source_not_null_yelp_business_business_id.8bec88fd84"
[0m01:52:47.535316 [debug] [Thread-2 (]: Finished running node test.yelp_analytics.orphaned_reviews
[0m01:52:47.537362 [debug] [Thread-3 (]: Using postgres connection "test.yelp_analytics.review_count_consistency"
[0m01:52:47.540004 [debug] [Thread-2 (]: Began running node test.yelp_analytics.source_not_null_yelp_checkins_business_id.dfb9ea24cd
[0m01:52:47.542576 [debug] [Thread-7 (]: Marking all children of 'test.yelp_analytics.orphaned_reviews' to be skipped because of status 'error'.  Reason: Database Error in test orphaned_reviews (tests/orphaned_reviews.sql)
  relation "public_staging.stg_reviews" does not exist
  LINE 15: from "steven"."public_staging"."stg_reviews" r
                ^
  compiled code at target/run/yelp_analytics/tests/orphaned_reviews.sql.
[0m01:52:47.544173 [debug] [Thread-1 (]: Postgres adapter: Postgres error: relation "public_staging.stg_tips" does not exist
LINE 17:     from "steven"."public_staging"."stg_tips" t
                  ^

[0m01:52:47.545728 [debug] [Thread-4 (]: Began executing node test.yelp_analytics.source_not_null_yelp_business_business_id.8bec88fd84
[0m01:52:47.547974 [debug] [Thread-3 (]: On test.yelp_analytics.review_count_consistency: /* {"app": "dbt", "dbt_version": "1.11.2", "profile_name": "yelp_analytics", "target_name": "dev", "node_id": "test.yelp_analytics.review_count_consistency"} */

    select
      count(*) as failures,
      count(*) != 0 as should_warn,
      count(*) != 0 as should_error
    from (
      
    
  -- Custom data quality test
-- Tests that review counts match between business table and actual reviews

select
    b.business_id,
    b.listed_review_count,
    b.actual_review_count,
    abs(b.listed_review_count - b.actual_review_count) as difference
from "steven"."public_marts"."business_analytics" b
where abs(b.listed_review_count - b.actual_review_count) > 10
  
  
      
    ) dbt_internal_test
[0m01:52:47.550238 [info ] [Thread-2 (]: 20 of 34 START test source_not_null_yelp_checkins_business_id .................. [RUN]
[0m01:52:47.553295 [debug] [Thread-1 (]: On test.yelp_analytics.orphaned_tips: ROLLBACK
[0m01:52:47.562442 [debug] [Thread-4 (]: Writing runtime sql for node "test.yelp_analytics.source_not_null_yelp_business_business_id.8bec88fd84"
[0m01:52:47.564576 [debug] [Thread-3 (]: Opening a new connection, currently in state closed
[0m01:52:47.566623 [debug] [Thread-2 (]: Re-using an available connection from the pool (formerly test.yelp_analytics.orphaned_reviews, now test.yelp_analytics.source_not_null_yelp_checkins_business_id.dfb9ea24cd)
[0m01:52:47.570630 [debug] [Thread-4 (]: Using postgres connection "test.yelp_analytics.source_not_null_yelp_business_business_id.8bec88fd84"
[0m01:52:47.573165 [debug] [Thread-1 (]: On test.yelp_analytics.orphaned_tips: Close
[0m01:52:47.574871 [debug] [Thread-2 (]: Began compiling node test.yelp_analytics.source_not_null_yelp_checkins_business_id.dfb9ea24cd
[0m01:52:47.577155 [debug] [Thread-4 (]: On test.yelp_analytics.source_not_null_yelp_business_business_id.8bec88fd84: /* {"app": "dbt", "dbt_version": "1.11.2", "profile_name": "yelp_analytics", "target_name": "dev", "node_id": "test.yelp_analytics.source_not_null_yelp_business_business_id.8bec88fd84"} */

    select
      count(*) as failures,
      count(*) != 0 as should_warn,
      count(*) != 0 as should_error
    from (
      
    
  
    
    



select business_id
from "yelp"."public"."business"
where business_id is null



  
  
      
    ) dbt_internal_test
[0m01:52:47.598960 [debug] [Thread-2 (]: Writing injected SQL for node "test.yelp_analytics.source_not_null_yelp_checkins_business_id.dfb9ea24cd"
[0m01:52:47.600540 [debug] [Thread-4 (]: Opening a new connection, currently in state closed
[0m01:52:47.609601 [debug] [Thread-2 (]: Began executing node test.yelp_analytics.source_not_null_yelp_checkins_business_id.dfb9ea24cd
[0m01:52:47.618774 [debug] [Thread-2 (]: Writing runtime sql for node "test.yelp_analytics.source_not_null_yelp_checkins_business_id.dfb9ea24cd"
[0m01:52:47.621616 [debug] [Thread-3 (]: Postgres adapter: Postgres error: relation "public_marts.business_analytics" does not exist
LINE 18: from "steven"."public_marts"."business_analytics" b
              ^

[0m01:52:47.627278 [debug] [Thread-3 (]: On test.yelp_analytics.review_count_consistency: ROLLBACK
[0m01:52:47.629862 [debug] [Thread-1 (]: Database Error in test orphaned_tips (tests/orphaned_tips.sql)
  relation "public_staging.stg_tips" does not exist
  LINE 17:     from "steven"."public_staging"."stg_tips" t
                    ^
  compiled code at target/run/yelp_analytics/tests/orphaned_tips.sql
[0m01:52:47.631898 [debug] [Thread-2 (]: Using postgres connection "test.yelp_analytics.source_not_null_yelp_checkins_business_id.dfb9ea24cd"
[0m01:52:47.633700 [error] [Thread-1 (]: 17 of 34 ERROR orphaned_tips ................................................... [[31mERROR[0m in 0.29s]
[0m01:52:47.635694 [debug] [Thread-3 (]: On test.yelp_analytics.review_count_consistency: Close
[0m01:52:47.637141 [debug] [Thread-2 (]: On test.yelp_analytics.source_not_null_yelp_checkins_business_id.dfb9ea24cd: /* {"app": "dbt", "dbt_version": "1.11.2", "profile_name": "yelp_analytics", "target_name": "dev", "node_id": "test.yelp_analytics.source_not_null_yelp_checkins_business_id.dfb9ea24cd"} */

    select
      count(*) as failures,
      count(*) != 0 as should_warn,
      count(*) != 0 as should_error
    from (
      
    
  
    
    



select business_id
from "yelp"."public"."checkins"
where business_id is null



  
  
      
    ) dbt_internal_test
[0m01:52:47.639549 [debug] [Thread-1 (]: Finished running node test.yelp_analytics.orphaned_tips
[0m01:52:47.645265 [debug] [Thread-2 (]: Opening a new connection, currently in state closed
[0m01:52:47.647941 [debug] [Thread-1 (]: Began running node test.yelp_analytics.source_not_null_yelp_reviews_business_id.5c934565af
[0m01:52:47.650412 [debug] [Thread-4 (]: Postgres adapter: Postgres error: cross-database references are not implemented: "yelp.public.business"
LINE 17: from "yelp"."public"."business"
              ^

[0m01:52:47.652429 [debug] [Thread-7 (]: Marking all children of 'test.yelp_analytics.orphaned_tips' to be skipped because of status 'error'.  Reason: Database Error in test orphaned_tips (tests/orphaned_tips.sql)
  relation "public_staging.stg_tips" does not exist
  LINE 17:     from "steven"."public_staging"."stg_tips" t
                    ^
  compiled code at target/run/yelp_analytics/tests/orphaned_tips.sql.
[0m01:52:47.661554 [info ] [Thread-1 (]: 21 of 34 START test source_not_null_yelp_reviews_business_id ................... [RUN]
[0m01:52:47.668946 [debug] [Thread-4 (]: On test.yelp_analytics.source_not_null_yelp_business_business_id.8bec88fd84: ROLLBACK
[0m01:52:47.671845 [debug] [Thread-3 (]: Database Error in test review_count_consistency (tests/review_count_consistency.sql)
  relation "public_marts.business_analytics" does not exist
  LINE 18: from "steven"."public_marts"."business_analytics" b
                ^
  compiled code at target/run/yelp_analytics/tests/review_count_consistency.sql
[0m01:52:47.674291 [debug] [Thread-1 (]: Re-using an available connection from the pool (formerly test.yelp_analytics.orphaned_tips, now test.yelp_analytics.source_not_null_yelp_reviews_business_id.5c934565af)
[0m01:52:47.678382 [debug] [Thread-1 (]: Began compiling node test.yelp_analytics.source_not_null_yelp_reviews_business_id.5c934565af
[0m01:52:47.676736 [error] [Thread-3 (]: 18 of 34 ERROR review_count_consistency ........................................ [[31mERROR[0m in 0.24s]
[0m01:52:47.680578 [debug] [Thread-4 (]: On test.yelp_analytics.source_not_null_yelp_business_business_id.8bec88fd84: Close
[0m01:52:47.693532 [debug] [Thread-3 (]: Finished running node test.yelp_analytics.review_count_consistency
[0m01:52:47.697610 [debug] [Thread-1 (]: Writing injected SQL for node "test.yelp_analytics.source_not_null_yelp_reviews_business_id.5c934565af"
[0m01:52:47.700648 [debug] [Thread-3 (]: Began running node test.yelp_analytics.source_not_null_yelp_reviews_review_id.8a88310f8b
[0m01:52:47.706816 [debug] [Thread-2 (]: Postgres adapter: Postgres error: cross-database references are not implemented: "yelp.public.checkins"
LINE 17: from "yelp"."public"."checkins"
              ^

[0m01:52:47.709054 [debug] [Thread-7 (]: Marking all children of 'test.yelp_analytics.review_count_consistency' to be skipped because of status 'error'.  Reason: Database Error in test review_count_consistency (tests/review_count_consistency.sql)
  relation "public_marts.business_analytics" does not exist
  LINE 18: from "steven"."public_marts"."business_analytics" b
                ^
  compiled code at target/run/yelp_analytics/tests/review_count_consistency.sql.
[0m01:52:47.711241 [info ] [Thread-3 (]: 22 of 34 START test source_not_null_yelp_reviews_review_id ..................... [RUN]
[0m01:52:47.713307 [debug] [Thread-2 (]: On test.yelp_analytics.source_not_null_yelp_checkins_business_id.dfb9ea24cd: ROLLBACK
[0m01:52:47.714981 [debug] [Thread-1 (]: Began executing node test.yelp_analytics.source_not_null_yelp_reviews_business_id.5c934565af
[0m01:52:47.727151 [debug] [Thread-3 (]: Re-using an available connection from the pool (formerly test.yelp_analytics.review_count_consistency, now test.yelp_analytics.source_not_null_yelp_reviews_review_id.8a88310f8b)
[0m01:52:47.730536 [debug] [Thread-4 (]: Database Error in test source_not_null_yelp_business_business_id (models/staging/schema.yml)
  cross-database references are not implemented: "yelp.public.business"
  LINE 17: from "yelp"."public"."business"
                ^
  compiled code at target/run/yelp_analytics/models/staging/schema.yml/source_not_null_yelp_business_business_id.sql
[0m01:52:47.733282 [debug] [Thread-2 (]: On test.yelp_analytics.source_not_null_yelp_checkins_business_id.dfb9ea24cd: Close
[0m01:52:47.743383 [debug] [Thread-1 (]: Writing runtime sql for node "test.yelp_analytics.source_not_null_yelp_reviews_business_id.5c934565af"
[0m01:52:47.745114 [debug] [Thread-3 (]: Began compiling node test.yelp_analytics.source_not_null_yelp_reviews_review_id.8a88310f8b
[0m01:52:47.747373 [error] [Thread-4 (]: 19 of 34 ERROR source_not_null_yelp_business_business_id ....................... [[31mERROR[0m in 0.26s]
[0m01:52:47.759590 [debug] [Thread-1 (]: Using postgres connection "test.yelp_analytics.source_not_null_yelp_reviews_business_id.5c934565af"
[0m01:52:47.770716 [debug] [Thread-4 (]: Finished running node test.yelp_analytics.source_not_null_yelp_business_business_id.8bec88fd84
[0m01:52:47.771922 [debug] [Thread-3 (]: Writing injected SQL for node "test.yelp_analytics.source_not_null_yelp_reviews_review_id.8a88310f8b"
[0m01:52:47.774154 [debug] [Thread-1 (]: On test.yelp_analytics.source_not_null_yelp_reviews_business_id.5c934565af: /* {"app": "dbt", "dbt_version": "1.11.2", "profile_name": "yelp_analytics", "target_name": "dev", "node_id": "test.yelp_analytics.source_not_null_yelp_reviews_business_id.5c934565af"} */

    select
      count(*) as failures,
      count(*) != 0 as should_warn,
      count(*) != 0 as should_error
    from (
      
    
  
    
    



select business_id
from "yelp"."public"."reviews"
where business_id is null



  
  
      
    ) dbt_internal_test
[0m01:52:47.776691 [debug] [Thread-4 (]: Began running node test.yelp_analytics.source_not_null_yelp_reviews_user_id.381b9e0270
[0m01:52:47.784335 [debug] [Thread-7 (]: Marking all children of 'test.yelp_analytics.source_not_null_yelp_business_business_id.8bec88fd84' to be skipped because of status 'error'.  Reason: Database Error in test source_not_null_yelp_business_business_id (models/staging/schema.yml)
  cross-database references are not implemented: "yelp.public.business"
  LINE 17: from "yelp"."public"."business"
                ^
  compiled code at target/run/yelp_analytics/models/staging/schema.yml/source_not_null_yelp_business_business_id.sql.
[0m01:52:47.791852 [debug] [Thread-2 (]: Database Error in test source_not_null_yelp_checkins_business_id (models/staging/schema.yml)
  cross-database references are not implemented: "yelp.public.checkins"
  LINE 17: from "yelp"."public"."checkins"
                ^
  compiled code at target/run/yelp_analytics/models/staging/schema.yml/source_not_null_yelp_checkins_business_id.sql
[0m01:52:47.793741 [debug] [Thread-1 (]: Opening a new connection, currently in state closed
[0m01:52:47.795716 [info ] [Thread-4 (]: 23 of 34 START test source_not_null_yelp_reviews_user_id ....................... [RUN]
[0m01:52:47.797981 [debug] [Thread-3 (]: Began executing node test.yelp_analytics.source_not_null_yelp_reviews_review_id.8a88310f8b
[0m01:52:47.800447 [error] [Thread-2 (]: 20 of 34 ERROR source_not_null_yelp_checkins_business_id ....................... [[31mERROR[0m in 0.23s]
[0m01:52:47.803596 [debug] [Thread-4 (]: Re-using an available connection from the pool (formerly test.yelp_analytics.source_not_null_yelp_business_business_id.8bec88fd84, now test.yelp_analytics.source_not_null_yelp_reviews_user_id.381b9e0270)
[0m01:52:47.817395 [debug] [Thread-2 (]: Finished running node test.yelp_analytics.source_not_null_yelp_checkins_business_id.dfb9ea24cd
[0m01:52:47.815933 [debug] [Thread-3 (]: Writing runtime sql for node "test.yelp_analytics.source_not_null_yelp_reviews_review_id.8a88310f8b"
[0m01:52:47.820290 [debug] [Thread-4 (]: Began compiling node test.yelp_analytics.source_not_null_yelp_reviews_user_id.381b9e0270
[0m01:52:47.822573 [debug] [Thread-2 (]: Began running node test.yelp_analytics.source_not_null_yelp_tips_business_id.d3c42ff3e6
[0m01:52:47.824835 [debug] [Thread-7 (]: Marking all children of 'test.yelp_analytics.source_not_null_yelp_checkins_business_id.dfb9ea24cd' to be skipped because of status 'error'.  Reason: Database Error in test source_not_null_yelp_checkins_business_id (models/staging/schema.yml)
  cross-database references are not implemented: "yelp.public.checkins"
  LINE 17: from "yelp"."public"."checkins"
                ^
  compiled code at target/run/yelp_analytics/models/staging/schema.yml/source_not_null_yelp_checkins_business_id.sql.
[0m01:52:47.839023 [debug] [Thread-4 (]: Writing injected SQL for node "test.yelp_analytics.source_not_null_yelp_reviews_user_id.381b9e0270"
[0m01:52:47.840871 [info ] [Thread-2 (]: 24 of 34 START test source_not_null_yelp_tips_business_id ...................... [RUN]
[0m01:52:47.843239 [debug] [Thread-3 (]: Using postgres connection "test.yelp_analytics.source_not_null_yelp_reviews_review_id.8a88310f8b"
[0m01:52:47.846166 [debug] [Thread-2 (]: Re-using an available connection from the pool (formerly test.yelp_analytics.source_not_null_yelp_checkins_business_id.dfb9ea24cd, now test.yelp_analytics.source_not_null_yelp_tips_business_id.d3c42ff3e6)
[0m01:52:47.848522 [debug] [Thread-1 (]: Postgres adapter: Postgres error: cross-database references are not implemented: "yelp.public.reviews"
LINE 17: from "yelp"."public"."reviews"
              ^

[0m01:52:47.850458 [debug] [Thread-3 (]: On test.yelp_analytics.source_not_null_yelp_reviews_review_id.8a88310f8b: /* {"app": "dbt", "dbt_version": "1.11.2", "profile_name": "yelp_analytics", "target_name": "dev", "node_id": "test.yelp_analytics.source_not_null_yelp_reviews_review_id.8a88310f8b"} */

    select
      count(*) as failures,
      count(*) != 0 as should_warn,
      count(*) != 0 as should_error
    from (
      
    
  
    
    



select review_id
from "yelp"."public"."reviews"
where review_id is null



  
  
      
    ) dbt_internal_test
[0m01:52:47.852269 [debug] [Thread-4 (]: Began executing node test.yelp_analytics.source_not_null_yelp_reviews_user_id.381b9e0270
[0m01:52:47.853916 [debug] [Thread-2 (]: Began compiling node test.yelp_analytics.source_not_null_yelp_tips_business_id.d3c42ff3e6
[0m01:52:47.855749 [debug] [Thread-1 (]: On test.yelp_analytics.source_not_null_yelp_reviews_business_id.5c934565af: ROLLBACK
[0m01:52:47.857637 [debug] [Thread-3 (]: Opening a new connection, currently in state closed
[0m01:52:47.866902 [debug] [Thread-4 (]: Writing runtime sql for node "test.yelp_analytics.source_not_null_yelp_reviews_user_id.381b9e0270"
[0m01:52:47.884294 [debug] [Thread-2 (]: Writing injected SQL for node "test.yelp_analytics.source_not_null_yelp_tips_business_id.d3c42ff3e6"
[0m01:52:47.886451 [debug] [Thread-1 (]: On test.yelp_analytics.source_not_null_yelp_reviews_business_id.5c934565af: Close
[0m01:52:47.890576 [debug] [Thread-4 (]: Using postgres connection "test.yelp_analytics.source_not_null_yelp_reviews_user_id.381b9e0270"
[0m01:52:47.896483 [debug] [Thread-2 (]: Began executing node test.yelp_analytics.source_not_null_yelp_tips_business_id.d3c42ff3e6
[0m01:52:47.899001 [debug] [Thread-4 (]: On test.yelp_analytics.source_not_null_yelp_reviews_user_id.381b9e0270: /* {"app": "dbt", "dbt_version": "1.11.2", "profile_name": "yelp_analytics", "target_name": "dev", "node_id": "test.yelp_analytics.source_not_null_yelp_reviews_user_id.381b9e0270"} */

    select
      count(*) as failures,
      count(*) != 0 as should_warn,
      count(*) != 0 as should_error
    from (
      
    
  
    
    



select user_id
from "yelp"."public"."reviews"
where user_id is null



  
  
      
    ) dbt_internal_test
[0m01:52:47.908708 [debug] [Thread-2 (]: Writing runtime sql for node "test.yelp_analytics.source_not_null_yelp_tips_business_id.d3c42ff3e6"
[0m01:52:47.917519 [debug] [Thread-4 (]: Opening a new connection, currently in state closed
[0m01:52:47.920795 [debug] [Thread-1 (]: Database Error in test source_not_null_yelp_reviews_business_id (models/staging/schema.yml)
  cross-database references are not implemented: "yelp.public.reviews"
  LINE 17: from "yelp"."public"."reviews"
                ^
  compiled code at target/run/yelp_analytics/models/staging/schema.yml/source_not_null_yelp_reviews_business_id.sql
[0m01:52:47.923699 [debug] [Thread-2 (]: Using postgres connection "test.yelp_analytics.source_not_null_yelp_tips_business_id.d3c42ff3e6"
[0m01:52:47.926063 [error] [Thread-1 (]: 21 of 34 ERROR source_not_null_yelp_reviews_business_id ........................ [[31mERROR[0m in 0.25s]
[0m01:52:47.928772 [debug] [Thread-2 (]: On test.yelp_analytics.source_not_null_yelp_tips_business_id.d3c42ff3e6: /* {"app": "dbt", "dbt_version": "1.11.2", "profile_name": "yelp_analytics", "target_name": "dev", "node_id": "test.yelp_analytics.source_not_null_yelp_tips_business_id.d3c42ff3e6"} */

    select
      count(*) as failures,
      count(*) != 0 as should_warn,
      count(*) != 0 as should_error
    from (
      
    
  
    
    



select business_id
from "yelp"."public"."tips"
where business_id is null



  
  
      
    ) dbt_internal_test
[0m01:52:47.932138 [debug] [Thread-1 (]: Finished running node test.yelp_analytics.source_not_null_yelp_reviews_business_id.5c934565af
[0m01:52:47.934534 [debug] [Thread-3 (]: Postgres adapter: Postgres error: cross-database references are not implemented: "yelp.public.reviews"
LINE 17: from "yelp"."public"."reviews"
              ^

[0m01:52:47.936298 [debug] [Thread-2 (]: Opening a new connection, currently in state closed
[0m01:52:47.938131 [debug] [Thread-1 (]: Began running node test.yelp_analytics.source_not_null_yelp_tips_user_id.70c772709b
[0m01:52:47.940126 [debug] [Thread-7 (]: Marking all children of 'test.yelp_analytics.source_not_null_yelp_reviews_business_id.5c934565af' to be skipped because of status 'error'.  Reason: Database Error in test source_not_null_yelp_reviews_business_id (models/staging/schema.yml)
  cross-database references are not implemented: "yelp.public.reviews"
  LINE 17: from "yelp"."public"."reviews"
                ^
  compiled code at target/run/yelp_analytics/models/staging/schema.yml/source_not_null_yelp_reviews_business_id.sql.
[0m01:52:47.941537 [debug] [Thread-3 (]: On test.yelp_analytics.source_not_null_yelp_reviews_review_id.8a88310f8b: ROLLBACK
[0m01:52:47.943658 [info ] [Thread-1 (]: 25 of 34 START test source_not_null_yelp_tips_user_id .......................... [RUN]
[0m01:52:47.947026 [debug] [Thread-1 (]: Re-using an available connection from the pool (formerly test.yelp_analytics.source_not_null_yelp_reviews_business_id.5c934565af, now test.yelp_analytics.source_not_null_yelp_tips_user_id.70c772709b)
[0m01:52:47.949132 [debug] [Thread-3 (]: On test.yelp_analytics.source_not_null_yelp_reviews_review_id.8a88310f8b: Close
[0m01:52:47.950984 [debug] [Thread-1 (]: Began compiling node test.yelp_analytics.source_not_null_yelp_tips_user_id.70c772709b
[0m01:52:47.975966 [debug] [Thread-4 (]: Postgres adapter: Postgres error: cross-database references are not implemented: "yelp.public.reviews"
LINE 17: from "yelp"."public"."reviews"
              ^

[0m01:52:47.975395 [debug] [Thread-1 (]: Writing injected SQL for node "test.yelp_analytics.source_not_null_yelp_tips_user_id.70c772709b"
[0m01:52:47.978489 [debug] [Thread-4 (]: On test.yelp_analytics.source_not_null_yelp_reviews_user_id.381b9e0270: ROLLBACK
[0m01:52:47.990783 [debug] [Thread-3 (]: Database Error in test source_not_null_yelp_reviews_review_id (models/staging/schema.yml)
  cross-database references are not implemented: "yelp.public.reviews"
  LINE 17: from "yelp"."public"."reviews"
                ^
  compiled code at target/run/yelp_analytics/models/staging/schema.yml/source_not_null_yelp_reviews_review_id.sql
[0m01:52:47.993332 [debug] [Thread-2 (]: Postgres adapter: Postgres error: cross-database references are not implemented: "yelp.public.tips"
LINE 17: from "yelp"."public"."tips"
              ^

[0m01:52:47.996063 [error] [Thread-3 (]: 22 of 34 ERROR source_not_null_yelp_reviews_review_id .......................... [[31mERROR[0m in 0.27s]
[0m01:52:47.998672 [debug] [Thread-2 (]: On test.yelp_analytics.source_not_null_yelp_tips_business_id.d3c42ff3e6: ROLLBACK
[0m01:52:48.000971 [debug] [Thread-4 (]: On test.yelp_analytics.source_not_null_yelp_reviews_user_id.381b9e0270: Close
[0m01:52:48.004433 [debug] [Thread-3 (]: Finished running node test.yelp_analytics.source_not_null_yelp_reviews_review_id.8a88310f8b
[0m01:52:48.006670 [debug] [Thread-1 (]: Began executing node test.yelp_analytics.source_not_null_yelp_tips_user_id.70c772709b
[0m01:52:48.013830 [debug] [Thread-3 (]: Began running node test.yelp_analytics.source_not_null_yelp_yelp_users_user_id.5657851698
[0m01:52:48.017265 [debug] [Thread-2 (]: On test.yelp_analytics.source_not_null_yelp_tips_business_id.d3c42ff3e6: Close
[0m01:52:48.020307 [debug] [Thread-7 (]: Marking all children of 'test.yelp_analytics.source_not_null_yelp_reviews_review_id.8a88310f8b' to be skipped because of status 'error'.  Reason: Database Error in test source_not_null_yelp_reviews_review_id (models/staging/schema.yml)
  cross-database references are not implemented: "yelp.public.reviews"
  LINE 17: from "yelp"."public"."reviews"
                ^
  compiled code at target/run/yelp_analytics/models/staging/schema.yml/source_not_null_yelp_reviews_review_id.sql.
[0m01:52:48.027757 [debug] [Thread-1 (]: Writing runtime sql for node "test.yelp_analytics.source_not_null_yelp_tips_user_id.70c772709b"
[0m01:52:48.029493 [info ] [Thread-3 (]: 26 of 34 START test source_not_null_yelp_yelp_users_user_id .................... [RUN]
[0m01:52:48.045669 [debug] [Thread-3 (]: Re-using an available connection from the pool (formerly test.yelp_analytics.source_not_null_yelp_reviews_review_id.8a88310f8b, now test.yelp_analytics.source_not_null_yelp_yelp_users_user_id.5657851698)
[0m01:52:48.047504 [debug] [Thread-3 (]: Began compiling node test.yelp_analytics.source_not_null_yelp_yelp_users_user_id.5657851698
[0m01:52:48.054739 [debug] [Thread-1 (]: Using postgres connection "test.yelp_analytics.source_not_null_yelp_tips_user_id.70c772709b"
[0m01:52:48.057550 [debug] [Thread-4 (]: Database Error in test source_not_null_yelp_reviews_user_id (models/staging/schema.yml)
  cross-database references are not implemented: "yelp.public.reviews"
  LINE 17: from "yelp"."public"."reviews"
                ^
  compiled code at target/run/yelp_analytics/models/staging/schema.yml/source_not_null_yelp_reviews_user_id.sql
[0m01:52:48.064674 [debug] [Thread-1 (]: On test.yelp_analytics.source_not_null_yelp_tips_user_id.70c772709b: /* {"app": "dbt", "dbt_version": "1.11.2", "profile_name": "yelp_analytics", "target_name": "dev", "node_id": "test.yelp_analytics.source_not_null_yelp_tips_user_id.70c772709b"} */

    select
      count(*) as failures,
      count(*) != 0 as should_warn,
      count(*) != 0 as should_error
    from (
      
    
  
    
    



select user_id
from "yelp"."public"."tips"
where user_id is null



  
  
      
    ) dbt_internal_test
[0m01:52:48.069056 [debug] [Thread-3 (]: Writing injected SQL for node "test.yelp_analytics.source_not_null_yelp_yelp_users_user_id.5657851698"
[0m01:52:48.071567 [error] [Thread-4 (]: 23 of 34 ERROR source_not_null_yelp_reviews_user_id ............................ [[31mERROR[0m in 0.27s]
[0m01:52:48.074179 [debug] [Thread-1 (]: Opening a new connection, currently in state closed
[0m01:52:48.087405 [debug] [Thread-4 (]: Finished running node test.yelp_analytics.source_not_null_yelp_reviews_user_id.381b9e0270
[0m01:52:48.091137 [debug] [Thread-2 (]: Database Error in test source_not_null_yelp_tips_business_id (models/staging/schema.yml)
  cross-database references are not implemented: "yelp.public.tips"
  LINE 17: from "yelp"."public"."tips"
                ^
  compiled code at target/run/yelp_analytics/models/staging/schema.yml/source_not_null_yelp_tips_business_id.sql
[0m01:52:48.093767 [debug] [Thread-3 (]: Began executing node test.yelp_analytics.source_not_null_yelp_yelp_users_user_id.5657851698
[0m01:52:48.095912 [debug] [Thread-4 (]: Began running node test.yelp_analytics.source_unique_yelp_business_business_id.23e0966e44
[0m01:52:48.098826 [debug] [Thread-7 (]: Marking all children of 'test.yelp_analytics.source_not_null_yelp_reviews_user_id.381b9e0270' to be skipped because of status 'error'.  Reason: Database Error in test source_not_null_yelp_reviews_user_id (models/staging/schema.yml)
  cross-database references are not implemented: "yelp.public.reviews"
  LINE 17: from "yelp"."public"."reviews"
                ^
  compiled code at target/run/yelp_analytics/models/staging/schema.yml/source_not_null_yelp_reviews_user_id.sql.
[0m01:52:48.101571 [error] [Thread-2 (]: 24 of 34 ERROR source_not_null_yelp_tips_business_id ........................... [[31mERROR[0m in 0.26s]
[0m01:52:48.112903 [debug] [Thread-3 (]: Writing runtime sql for node "test.yelp_analytics.source_not_null_yelp_yelp_users_user_id.5657851698"
[0m01:52:48.115175 [info ] [Thread-4 (]: 27 of 34 START test source_unique_yelp_business_business_id .................... [RUN]
[0m01:52:48.119356 [debug] [Thread-2 (]: Finished running node test.yelp_analytics.source_not_null_yelp_tips_business_id.d3c42ff3e6
[0m01:52:48.121843 [debug] [Thread-4 (]: Re-using an available connection from the pool (formerly test.yelp_analytics.source_not_null_yelp_reviews_user_id.381b9e0270, now test.yelp_analytics.source_unique_yelp_business_business_id.23e0966e44)
[0m01:52:48.124027 [debug] [Thread-3 (]: Using postgres connection "test.yelp_analytics.source_not_null_yelp_yelp_users_user_id.5657851698"
[0m01:52:48.126016 [debug] [Thread-2 (]: Began running node test.yelp_analytics.source_unique_yelp_reviews_review_id.621146400f
[0m01:52:48.128311 [debug] [Thread-7 (]: Marking all children of 'test.yelp_analytics.source_not_null_yelp_tips_business_id.d3c42ff3e6' to be skipped because of status 'error'.  Reason: Database Error in test source_not_null_yelp_tips_business_id (models/staging/schema.yml)
  cross-database references are not implemented: "yelp.public.tips"
  LINE 17: from "yelp"."public"."tips"
                ^
  compiled code at target/run/yelp_analytics/models/staging/schema.yml/source_not_null_yelp_tips_business_id.sql.
[0m01:52:48.129903 [debug] [Thread-4 (]: Began compiling node test.yelp_analytics.source_unique_yelp_business_business_id.23e0966e44
[0m01:52:48.131799 [debug] [Thread-3 (]: On test.yelp_analytics.source_not_null_yelp_yelp_users_user_id.5657851698: /* {"app": "dbt", "dbt_version": "1.11.2", "profile_name": "yelp_analytics", "target_name": "dev", "node_id": "test.yelp_analytics.source_not_null_yelp_yelp_users_user_id.5657851698"} */

    select
      count(*) as failures,
      count(*) != 0 as should_warn,
      count(*) != 0 as should_error
    from (
      
    
  
    
    



select user_id
from "yelp"."public"."yelp_users"
where user_id is null



  
  
      
    ) dbt_internal_test
[0m01:52:48.133922 [info ] [Thread-2 (]: 28 of 34 START test source_unique_yelp_reviews_review_id ....................... [RUN]
[0m01:52:48.152673 [debug] [Thread-3 (]: Opening a new connection, currently in state closed
[0m01:52:48.154234 [debug] [Thread-1 (]: Postgres adapter: Postgres error: cross-database references are not implemented: "yelp.public.tips"
LINE 17: from "yelp"."public"."tips"
              ^

[0m01:52:48.162281 [debug] [Thread-2 (]: Re-using an available connection from the pool (formerly test.yelp_analytics.source_not_null_yelp_tips_business_id.d3c42ff3e6, now test.yelp_analytics.source_unique_yelp_reviews_review_id.621146400f)
[0m01:52:48.164434 [debug] [Thread-4 (]: Writing injected SQL for node "test.yelp_analytics.source_unique_yelp_business_business_id.23e0966e44"
[0m01:52:48.167155 [debug] [Thread-1 (]: On test.yelp_analytics.source_not_null_yelp_tips_user_id.70c772709b: ROLLBACK
[0m01:52:48.169431 [debug] [Thread-2 (]: Began compiling node test.yelp_analytics.source_unique_yelp_reviews_review_id.621146400f
[0m01:52:48.183771 [debug] [Thread-1 (]: On test.yelp_analytics.source_not_null_yelp_tips_user_id.70c772709b: Close
[0m01:52:48.185619 [debug] [Thread-4 (]: Began executing node test.yelp_analytics.source_unique_yelp_business_business_id.23e0966e44
[0m01:52:48.191313 [debug] [Thread-2 (]: Writing injected SQL for node "test.yelp_analytics.source_unique_yelp_reviews_review_id.621146400f"
[0m01:52:48.202060 [debug] [Thread-4 (]: Writing runtime sql for node "test.yelp_analytics.source_unique_yelp_business_business_id.23e0966e44"
[0m01:52:48.205263 [debug] [Thread-2 (]: Began executing node test.yelp_analytics.source_unique_yelp_reviews_review_id.621146400f
[0m01:52:48.213278 [debug] [Thread-2 (]: Writing runtime sql for node "test.yelp_analytics.source_unique_yelp_reviews_review_id.621146400f"
[0m01:52:48.215337 [debug] [Thread-3 (]: Postgres adapter: Postgres error: cross-database references are not implemented: "yelp.public.yelp_users"
LINE 17: from "yelp"."public"."yelp_users"
              ^

[0m01:52:48.223320 [debug] [Thread-3 (]: On test.yelp_analytics.source_not_null_yelp_yelp_users_user_id.5657851698: ROLLBACK
[0m01:52:48.227466 [debug] [Thread-4 (]: Using postgres connection "test.yelp_analytics.source_unique_yelp_business_business_id.23e0966e44"
[0m01:52:48.230031 [debug] [Thread-2 (]: Using postgres connection "test.yelp_analytics.source_unique_yelp_reviews_review_id.621146400f"
[0m01:52:48.231667 [debug] [Thread-4 (]: On test.yelp_analytics.source_unique_yelp_business_business_id.23e0966e44: /* {"app": "dbt", "dbt_version": "1.11.2", "profile_name": "yelp_analytics", "target_name": "dev", "node_id": "test.yelp_analytics.source_unique_yelp_business_business_id.23e0966e44"} */

    select
      count(*) as failures,
      count(*) != 0 as should_warn,
      count(*) != 0 as should_error
    from (
      
    
  
    
    

select
    business_id as unique_field,
    count(*) as n_records

from "yelp"."public"."business"
where business_id is not null
group by business_id
having count(*) > 1



  
  
      
    ) dbt_internal_test
[0m01:52:48.234744 [debug] [Thread-1 (]: Database Error in test source_not_null_yelp_tips_user_id (models/staging/schema.yml)
  cross-database references are not implemented: "yelp.public.tips"
  LINE 17: from "yelp"."public"."tips"
                ^
  compiled code at target/run/yelp_analytics/models/staging/schema.yml/source_not_null_yelp_tips_user_id.sql
[0m01:52:48.237352 [debug] [Thread-3 (]: On test.yelp_analytics.source_not_null_yelp_yelp_users_user_id.5657851698: Close
[0m01:52:48.239411 [debug] [Thread-2 (]: On test.yelp_analytics.source_unique_yelp_reviews_review_id.621146400f: /* {"app": "dbt", "dbt_version": "1.11.2", "profile_name": "yelp_analytics", "target_name": "dev", "node_id": "test.yelp_analytics.source_unique_yelp_reviews_review_id.621146400f"} */

    select
      count(*) as failures,
      count(*) != 0 as should_warn,
      count(*) != 0 as should_error
    from (
      
    
  
    
    

select
    review_id as unique_field,
    count(*) as n_records

from "yelp"."public"."reviews"
where review_id is not null
group by review_id
having count(*) > 1



  
  
      
    ) dbt_internal_test
[0m01:52:48.241536 [debug] [Thread-4 (]: Opening a new connection, currently in state closed
[0m01:52:48.244183 [error] [Thread-1 (]: 25 of 34 ERROR source_not_null_yelp_tips_user_id ............................... [[31mERROR[0m in 0.30s]
[0m01:52:48.247190 [debug] [Thread-2 (]: Opening a new connection, currently in state closed
[0m01:52:48.266261 [debug] [Thread-1 (]: Finished running node test.yelp_analytics.source_not_null_yelp_tips_user_id.70c772709b
[0m01:52:48.268646 [debug] [Thread-3 (]: Database Error in test source_not_null_yelp_yelp_users_user_id (models/staging/schema.yml)
  cross-database references are not implemented: "yelp.public.yelp_users"
  LINE 17: from "yelp"."public"."yelp_users"
                ^
  compiled code at target/run/yelp_analytics/models/staging/schema.yml/source_not_null_yelp_yelp_users_user_id.sql
[0m01:52:48.271216 [debug] [Thread-1 (]: Began running node test.yelp_analytics.source_unique_yelp_yelp_users_user_id.e7645e5343
[0m01:52:48.273473 [debug] [Thread-7 (]: Marking all children of 'test.yelp_analytics.source_not_null_yelp_tips_user_id.70c772709b' to be skipped because of status 'error'.  Reason: Database Error in test source_not_null_yelp_tips_user_id (models/staging/schema.yml)
  cross-database references are not implemented: "yelp.public.tips"
  LINE 17: from "yelp"."public"."tips"
                ^
  compiled code at target/run/yelp_analytics/models/staging/schema.yml/source_not_null_yelp_tips_user_id.sql.
[0m01:52:48.278612 [info ] [Thread-1 (]: 29 of 34 START test source_unique_yelp_yelp_users_user_id ...................... [RUN]
[0m01:52:48.275800 [error] [Thread-3 (]: 26 of 34 ERROR source_not_null_yelp_yelp_users_user_id ......................... [[31mERROR[0m in 0.23s]
[0m01:52:48.281873 [debug] [Thread-1 (]: Re-using an available connection from the pool (formerly test.yelp_analytics.source_not_null_yelp_tips_user_id.70c772709b, now test.yelp_analytics.source_unique_yelp_yelp_users_user_id.e7645e5343)
[0m01:52:48.284586 [debug] [Thread-3 (]: Finished running node test.yelp_analytics.source_not_null_yelp_yelp_users_user_id.5657851698
[0m01:52:48.286558 [debug] [Thread-1 (]: Began compiling node test.yelp_analytics.source_unique_yelp_yelp_users_user_id.e7645e5343
[0m01:52:48.288523 [debug] [Thread-3 (]: Began running node test.yelp_analytics.unique_business_analytics_business_id.5c3e65d334
[0m01:52:48.290916 [debug] [Thread-7 (]: Marking all children of 'test.yelp_analytics.source_not_null_yelp_yelp_users_user_id.5657851698' to be skipped because of status 'error'.  Reason: Database Error in test source_not_null_yelp_yelp_users_user_id (models/staging/schema.yml)
  cross-database references are not implemented: "yelp.public.yelp_users"
  LINE 17: from "yelp"."public"."yelp_users"
                ^
  compiled code at target/run/yelp_analytics/models/staging/schema.yml/source_not_null_yelp_yelp_users_user_id.sql.
[0m01:52:48.307702 [debug] [Thread-1 (]: Writing injected SQL for node "test.yelp_analytics.source_unique_yelp_yelp_users_user_id.e7645e5343"
[0m01:52:48.309582 [debug] [Thread-4 (]: Postgres adapter: Postgres error: cross-database references are not implemented: "yelp.public.business"
LINE 18: from "yelp"."public"."business"
              ^

[0m01:52:48.311279 [info ] [Thread-3 (]: 30 of 34 START test unique_business_analytics_business_id ...................... [RUN]
[0m01:52:48.314664 [debug] [Thread-4 (]: On test.yelp_analytics.source_unique_yelp_business_business_id.23e0966e44: ROLLBACK
[0m01:52:48.316720 [debug] [Thread-2 (]: Postgres adapter: Postgres error: cross-database references are not implemented: "yelp.public.reviews"
LINE 18: from "yelp"."public"."reviews"
              ^

[0m01:52:48.318498 [debug] [Thread-1 (]: Began executing node test.yelp_analytics.source_unique_yelp_yelp_users_user_id.e7645e5343
[0m01:52:48.320654 [debug] [Thread-3 (]: Re-using an available connection from the pool (formerly test.yelp_analytics.source_not_null_yelp_yelp_users_user_id.5657851698, now test.yelp_analytics.unique_business_analytics_business_id.5c3e65d334)
[0m01:52:48.322669 [debug] [Thread-2 (]: On test.yelp_analytics.source_unique_yelp_reviews_review_id.621146400f: ROLLBACK
[0m01:52:48.324798 [debug] [Thread-4 (]: On test.yelp_analytics.source_unique_yelp_business_business_id.23e0966e44: Close
[0m01:52:48.333402 [debug] [Thread-1 (]: Writing runtime sql for node "test.yelp_analytics.source_unique_yelp_yelp_users_user_id.e7645e5343"
[0m01:52:48.335558 [debug] [Thread-3 (]: Began compiling node test.yelp_analytics.unique_business_analytics_business_id.5c3e65d334
[0m01:52:48.342491 [debug] [Thread-2 (]: On test.yelp_analytics.source_unique_yelp_reviews_review_id.621146400f: Close
[0m01:52:48.352846 [debug] [Thread-1 (]: Using postgres connection "test.yelp_analytics.source_unique_yelp_yelp_users_user_id.e7645e5343"
[0m01:52:48.355491 [debug] [Thread-1 (]: On test.yelp_analytics.source_unique_yelp_yelp_users_user_id.e7645e5343: /* {"app": "dbt", "dbt_version": "1.11.2", "profile_name": "yelp_analytics", "target_name": "dev", "node_id": "test.yelp_analytics.source_unique_yelp_yelp_users_user_id.e7645e5343"} */

    select
      count(*) as failures,
      count(*) != 0 as should_warn,
      count(*) != 0 as should_error
    from (
      
    
  
    
    

select
    user_id as unique_field,
    count(*) as n_records

from "yelp"."public"."yelp_users"
where user_id is not null
group by user_id
having count(*) > 1



  
  
      
    ) dbt_internal_test
[0m01:52:48.361010 [debug] [Thread-1 (]: Opening a new connection, currently in state closed
[0m01:52:48.371585 [debug] [Thread-3 (]: Writing injected SQL for node "test.yelp_analytics.unique_business_analytics_business_id.5c3e65d334"
[0m01:52:48.384835 [debug] [Thread-4 (]: Database Error in test source_unique_yelp_business_business_id (models/staging/schema.yml)
  cross-database references are not implemented: "yelp.public.business"
  LINE 18: from "yelp"."public"."business"
                ^
  compiled code at target/run/yelp_analytics/models/staging/schema.yml/source_unique_yelp_business_business_id.sql
[0m01:52:48.386506 [debug] [Thread-3 (]: Began executing node test.yelp_analytics.unique_business_analytics_business_id.5c3e65d334
[0m01:52:48.388785 [error] [Thread-4 (]: 27 of 34 ERROR source_unique_yelp_business_business_id ......................... [[31mERROR[0m in 0.27s]
[0m01:52:48.404839 [debug] [Thread-2 (]: Database Error in test source_unique_yelp_reviews_review_id (models/staging/schema.yml)
  cross-database references are not implemented: "yelp.public.reviews"
  LINE 18: from "yelp"."public"."reviews"
                ^
  compiled code at target/run/yelp_analytics/models/staging/schema.yml/source_unique_yelp_reviews_review_id.sql
[0m01:52:48.406941 [debug] [Thread-3 (]: Writing runtime sql for node "test.yelp_analytics.unique_business_analytics_business_id.5c3e65d334"
[0m01:52:48.409999 [debug] [Thread-4 (]: Finished running node test.yelp_analytics.source_unique_yelp_business_business_id.23e0966e44
[0m01:52:48.412564 [debug] [Thread-1 (]: Postgres adapter: Postgres error: cross-database references are not implemented: "yelp.public.yelp_users"
LINE 18: from "yelp"."public"."yelp_users"
              ^

[0m01:52:48.414914 [error] [Thread-2 (]: 28 of 34 ERROR source_unique_yelp_reviews_review_id ............................ [[31mERROR[0m in 0.25s]
[0m01:52:48.417825 [debug] [Thread-4 (]: Began running node test.yelp_analytics.unique_stg_businesses_business_id.1dafdc3229
[0m01:52:48.420501 [debug] [Thread-7 (]: Marking all children of 'test.yelp_analytics.source_unique_yelp_business_business_id.23e0966e44' to be skipped because of status 'error'.  Reason: Database Error in test source_unique_yelp_business_business_id (models/staging/schema.yml)
  cross-database references are not implemented: "yelp.public.business"
  LINE 18: from "yelp"."public"."business"
                ^
  compiled code at target/run/yelp_analytics/models/staging/schema.yml/source_unique_yelp_business_business_id.sql.
[0m01:52:48.422517 [debug] [Thread-1 (]: On test.yelp_analytics.source_unique_yelp_yelp_users_user_id.e7645e5343: ROLLBACK
[0m01:52:48.424640 [debug] [Thread-3 (]: Using postgres connection "test.yelp_analytics.unique_business_analytics_business_id.5c3e65d334"
[0m01:52:48.427388 [debug] [Thread-2 (]: Finished running node test.yelp_analytics.source_unique_yelp_reviews_review_id.621146400f
[0m01:52:48.429378 [info ] [Thread-4 (]: 31 of 34 START test unique_stg_businesses_business_id .......................... [RUN]
[0m01:52:48.432257 [debug] [Thread-3 (]: On test.yelp_analytics.unique_business_analytics_business_id.5c3e65d334: /* {"app": "dbt", "dbt_version": "1.11.2", "profile_name": "yelp_analytics", "target_name": "dev", "node_id": "test.yelp_analytics.unique_business_analytics_business_id.5c3e65d334"} */

    select
      count(*) as failures,
      count(*) != 0 as should_warn,
      count(*) != 0 as should_error
    from (
      
    
  
    
    

select
    business_id as unique_field,
    count(*) as n_records

from "steven"."public_marts"."business_analytics"
where business_id is not null
group by business_id
having count(*) > 1



  
  
      
    ) dbt_internal_test
[0m01:52:48.434519 [debug] [Thread-1 (]: On test.yelp_analytics.source_unique_yelp_yelp_users_user_id.e7645e5343: Close
[0m01:52:48.436690 [debug] [Thread-2 (]: Began running node test.yelp_analytics.unique_stg_reviews_review_id.9b6c259f3c
[0m01:52:48.439838 [debug] [Thread-7 (]: Marking all children of 'test.yelp_analytics.source_unique_yelp_reviews_review_id.621146400f' to be skipped because of status 'error'.  Reason: Database Error in test source_unique_yelp_reviews_review_id (models/staging/schema.yml)
  cross-database references are not implemented: "yelp.public.reviews"
  LINE 18: from "yelp"."public"."reviews"
                ^
  compiled code at target/run/yelp_analytics/models/staging/schema.yml/source_unique_yelp_reviews_review_id.sql.
[0m01:52:48.441894 [debug] [Thread-4 (]: Re-using an available connection from the pool (formerly test.yelp_analytics.source_unique_yelp_business_business_id.23e0966e44, now test.yelp_analytics.unique_stg_businesses_business_id.1dafdc3229)
[0m01:52:48.443930 [debug] [Thread-3 (]: Opening a new connection, currently in state closed
[0m01:52:48.446355 [info ] [Thread-2 (]: 32 of 34 START test unique_stg_reviews_review_id ............................... [RUN]
[0m01:52:48.460110 [debug] [Thread-4 (]: Began compiling node test.yelp_analytics.unique_stg_businesses_business_id.1dafdc3229
[0m01:52:48.467414 [debug] [Thread-1 (]: Database Error in test source_unique_yelp_yelp_users_user_id (models/staging/schema.yml)
  cross-database references are not implemented: "yelp.public.yelp_users"
  LINE 18: from "yelp"."public"."yelp_users"
                ^
  compiled code at target/run/yelp_analytics/models/staging/schema.yml/source_unique_yelp_yelp_users_user_id.sql
[0m01:52:48.469839 [debug] [Thread-2 (]: Re-using an available connection from the pool (formerly test.yelp_analytics.source_unique_yelp_reviews_review_id.621146400f, now test.yelp_analytics.unique_stg_reviews_review_id.9b6c259f3c)
[0m01:52:48.485901 [debug] [Thread-4 (]: Writing injected SQL for node "test.yelp_analytics.unique_stg_businesses_business_id.1dafdc3229"
[0m01:52:48.482859 [error] [Thread-1 (]: 29 of 34 ERROR source_unique_yelp_yelp_users_user_id ........................... [[31mERROR[0m in 0.20s]
[0m01:52:48.487834 [debug] [Thread-2 (]: Began compiling node test.yelp_analytics.unique_stg_reviews_review_id.9b6c259f3c
[0m01:52:48.490387 [debug] [Thread-1 (]: Finished running node test.yelp_analytics.source_unique_yelp_yelp_users_user_id.e7645e5343
[0m01:52:48.538761 [debug] [Thread-1 (]: Began running node test.yelp_analytics.unique_stg_users_user_id.c2ff477e6b
[0m01:52:48.540296 [debug] [Thread-4 (]: Began executing node test.yelp_analytics.unique_stg_businesses_business_id.1dafdc3229
[0m01:52:48.541321 [debug] [Thread-2 (]: Writing injected SQL for node "test.yelp_analytics.unique_stg_reviews_review_id.9b6c259f3c"
[0m01:52:48.543094 [debug] [Thread-7 (]: Marking all children of 'test.yelp_analytics.source_unique_yelp_yelp_users_user_id.e7645e5343' to be skipped because of status 'error'.  Reason: Database Error in test source_unique_yelp_yelp_users_user_id (models/staging/schema.yml)
  cross-database references are not implemented: "yelp.public.yelp_users"
  LINE 18: from "yelp"."public"."yelp_users"
                ^
  compiled code at target/run/yelp_analytics/models/staging/schema.yml/source_unique_yelp_yelp_users_user_id.sql.
[0m01:52:48.544660 [debug] [Thread-3 (]: Postgres adapter: Postgres error: relation "public_marts.business_analytics" does not exist
LINE 18: from "steven"."public_marts"."business_analytics"
              ^

[0m01:52:48.554598 [debug] [Thread-4 (]: Writing runtime sql for node "test.yelp_analytics.unique_stg_businesses_business_id.1dafdc3229"
[0m01:52:48.546219 [info ] [Thread-1 (]: 33 of 34 START test unique_stg_users_user_id ................................... [RUN]
[0m01:52:48.557959 [debug] [Thread-3 (]: On test.yelp_analytics.unique_business_analytics_business_id.5c3e65d334: ROLLBACK
[0m01:52:48.559905 [debug] [Thread-2 (]: Began executing node test.yelp_analytics.unique_stg_reviews_review_id.9b6c259f3c
[0m01:52:48.562279 [debug] [Thread-1 (]: Re-using an available connection from the pool (formerly test.yelp_analytics.source_unique_yelp_yelp_users_user_id.e7645e5343, now test.yelp_analytics.unique_stg_users_user_id.c2ff477e6b)
[0m01:52:48.564558 [debug] [Thread-4 (]: Using postgres connection "test.yelp_analytics.unique_stg_businesses_business_id.1dafdc3229"
[0m01:52:48.566662 [debug] [Thread-3 (]: On test.yelp_analytics.unique_business_analytics_business_id.5c3e65d334: Close
[0m01:52:48.576965 [debug] [Thread-2 (]: Writing runtime sql for node "test.yelp_analytics.unique_stg_reviews_review_id.9b6c259f3c"
[0m01:52:48.578751 [debug] [Thread-1 (]: Began compiling node test.yelp_analytics.unique_stg_users_user_id.c2ff477e6b
[0m01:52:48.580750 [debug] [Thread-4 (]: On test.yelp_analytics.unique_stg_businesses_business_id.1dafdc3229: /* {"app": "dbt", "dbt_version": "1.11.2", "profile_name": "yelp_analytics", "target_name": "dev", "node_id": "test.yelp_analytics.unique_stg_businesses_business_id.1dafdc3229"} */

    select
      count(*) as failures,
      count(*) != 0 as should_warn,
      count(*) != 0 as should_error
    from (
      
    
  
    
    

select
    business_id as unique_field,
    count(*) as n_records

from "steven"."public_staging"."stg_businesses"
where business_id is not null
group by business_id
having count(*) > 1



  
  
      
    ) dbt_internal_test
[0m01:52:48.599991 [debug] [Thread-1 (]: Writing injected SQL for node "test.yelp_analytics.unique_stg_users_user_id.c2ff477e6b"
[0m01:52:48.601643 [debug] [Thread-4 (]: Opening a new connection, currently in state closed
[0m01:52:48.603205 [debug] [Thread-2 (]: Using postgres connection "test.yelp_analytics.unique_stg_reviews_review_id.9b6c259f3c"
[0m01:52:48.616533 [debug] [Thread-2 (]: On test.yelp_analytics.unique_stg_reviews_review_id.9b6c259f3c: /* {"app": "dbt", "dbt_version": "1.11.2", "profile_name": "yelp_analytics", "target_name": "dev", "node_id": "test.yelp_analytics.unique_stg_reviews_review_id.9b6c259f3c"} */

    select
      count(*) as failures,
      count(*) != 0 as should_warn,
      count(*) != 0 as should_error
    from (
      
    
  
    
    

select
    review_id as unique_field,
    count(*) as n_records

from "steven"."public_staging"."stg_reviews"
where review_id is not null
group by review_id
having count(*) > 1



  
  
      
    ) dbt_internal_test
[0m01:52:48.618980 [debug] [Thread-2 (]: Opening a new connection, currently in state closed
[0m01:52:48.621015 [debug] [Thread-1 (]: Began executing node test.yelp_analytics.unique_stg_users_user_id.c2ff477e6b
[0m01:52:48.624542 [debug] [Thread-3 (]: Database Error in test unique_business_analytics_business_id (models/marts/schema.yml)
  relation "public_marts.business_analytics" does not exist
  LINE 18: from "steven"."public_marts"."business_analytics"
                ^
  compiled code at target/run/yelp_analytics/models/marts/schema.yml/unique_business_analytics_business_id.sql
[0m01:52:48.634795 [debug] [Thread-1 (]: Writing runtime sql for node "test.yelp_analytics.unique_stg_users_user_id.c2ff477e6b"
[0m01:52:48.632946 [error] [Thread-3 (]: 30 of 34 ERROR unique_business_analytics_business_id ........................... [[31mERROR[0m in 0.31s]
[0m01:52:48.637741 [debug] [Thread-3 (]: Finished running node test.yelp_analytics.unique_business_analytics_business_id.5c3e65d334
[0m01:52:48.639938 [debug] [Thread-3 (]: Began running node test.yelp_analytics.unique_user_insights_user_id.821a4d2d9a
[0m01:52:48.641946 [info ] [Thread-3 (]: 34 of 34 START test unique_user_insights_user_id ............................... [RUN]
[0m01:52:48.644534 [debug] [Thread-3 (]: Re-using an available connection from the pool (formerly test.yelp_analytics.unique_business_analytics_business_id.5c3e65d334, now test.yelp_analytics.unique_user_insights_user_id.821a4d2d9a)
[0m01:52:48.646901 [debug] [Thread-7 (]: Marking all children of 'test.yelp_analytics.unique_business_analytics_business_id.5c3e65d334' to be skipped because of status 'error'.  Reason: Database Error in test unique_business_analytics_business_id (models/marts/schema.yml)
  relation "public_marts.business_analytics" does not exist
  LINE 18: from "steven"."public_marts"."business_analytics"
                ^
  compiled code at target/run/yelp_analytics/models/marts/schema.yml/unique_business_analytics_business_id.sql.
[0m01:52:48.648766 [debug] [Thread-3 (]: Began compiling node test.yelp_analytics.unique_user_insights_user_id.821a4d2d9a
[0m01:52:48.651378 [debug] [Thread-1 (]: Using postgres connection "test.yelp_analytics.unique_stg_users_user_id.c2ff477e6b"
[0m01:52:48.653943 [debug] [Thread-4 (]: Postgres adapter: Postgres error: relation "public_staging.stg_businesses" does not exist
LINE 18: from "steven"."public_staging"."stg_businesses"
              ^

[0m01:52:48.671408 [debug] [Thread-1 (]: On test.yelp_analytics.unique_stg_users_user_id.c2ff477e6b: /* {"app": "dbt", "dbt_version": "1.11.2", "profile_name": "yelp_analytics", "target_name": "dev", "node_id": "test.yelp_analytics.unique_stg_users_user_id.c2ff477e6b"} */

    select
      count(*) as failures,
      count(*) != 0 as should_warn,
      count(*) != 0 as should_error
    from (
      
    
  
    
    

select
    user_id as unique_field,
    count(*) as n_records

from "steven"."public_staging"."stg_users"
where user_id is not null
group by user_id
having count(*) > 1



  
  
      
    ) dbt_internal_test
[0m01:52:48.673269 [debug] [Thread-3 (]: Writing injected SQL for node "test.yelp_analytics.unique_user_insights_user_id.821a4d2d9a"
[0m01:52:48.675341 [debug] [Thread-4 (]: On test.yelp_analytics.unique_stg_businesses_business_id.1dafdc3229: ROLLBACK
[0m01:52:48.677400 [debug] [Thread-2 (]: Postgres adapter: Postgres error: relation "public_staging.stg_reviews" does not exist
LINE 18: from "steven"."public_staging"."stg_reviews"
              ^

[0m01:52:48.679126 [debug] [Thread-1 (]: Opening a new connection, currently in state closed
[0m01:52:48.681626 [debug] [Thread-2 (]: On test.yelp_analytics.unique_stg_reviews_review_id.9b6c259f3c: ROLLBACK
[0m01:52:48.684041 [debug] [Thread-4 (]: On test.yelp_analytics.unique_stg_businesses_business_id.1dafdc3229: Close
[0m01:52:48.686008 [debug] [Thread-3 (]: Began executing node test.yelp_analytics.unique_user_insights_user_id.821a4d2d9a
[0m01:52:48.699711 [debug] [Thread-2 (]: On test.yelp_analytics.unique_stg_reviews_review_id.9b6c259f3c: Close
[0m01:52:48.707191 [debug] [Thread-3 (]: Writing runtime sql for node "test.yelp_analytics.unique_user_insights_user_id.821a4d2d9a"
[0m01:52:48.713459 [debug] [Thread-3 (]: Using postgres connection "test.yelp_analytics.unique_user_insights_user_id.821a4d2d9a"
[0m01:52:48.715481 [debug] [Thread-3 (]: On test.yelp_analytics.unique_user_insights_user_id.821a4d2d9a: /* {"app": "dbt", "dbt_version": "1.11.2", "profile_name": "yelp_analytics", "target_name": "dev", "node_id": "test.yelp_analytics.unique_user_insights_user_id.821a4d2d9a"} */

    select
      count(*) as failures,
      count(*) != 0 as should_warn,
      count(*) != 0 as should_error
    from (
      
    
  
    
    

select
    user_id as unique_field,
    count(*) as n_records

from "steven"."public_marts"."user_insights"
where user_id is not null
group by user_id
having count(*) > 1



  
  
      
    ) dbt_internal_test
[0m01:52:48.717972 [debug] [Thread-3 (]: Opening a new connection, currently in state closed
[0m01:52:48.730444 [debug] [Thread-2 (]: Database Error in test unique_stg_reviews_review_id (models/staging/schema.yml)
  relation "public_staging.stg_reviews" does not exist
  LINE 18: from "steven"."public_staging"."stg_reviews"
                ^
  compiled code at target/run/yelp_analytics/models/staging/schema.yml/unique_stg_reviews_review_id.sql
[0m01:52:48.738994 [debug] [Thread-1 (]: Postgres adapter: Postgres error: relation "public_staging.stg_users" does not exist
LINE 18: from "steven"."public_staging"."stg_users"
              ^

[0m01:52:48.744460 [debug] [Thread-4 (]: Database Error in test unique_stg_businesses_business_id (models/staging/schema.yml)
  relation "public_staging.stg_businesses" does not exist
  LINE 18: from "steven"."public_staging"."stg_businesses"
                ^
  compiled code at target/run/yelp_analytics/models/staging/schema.yml/unique_stg_businesses_business_id.sql
[0m01:52:48.741738 [error] [Thread-2 (]: 32 of 34 ERROR unique_stg_reviews_review_id .................................... [[31mERROR[0m in 0.27s]
[0m01:52:48.746615 [debug] [Thread-1 (]: On test.yelp_analytics.unique_stg_users_user_id.c2ff477e6b: ROLLBACK
[0m01:52:48.748878 [error] [Thread-4 (]: 31 of 34 ERROR unique_stg_businesses_business_id ............................... [[31mERROR[0m in 0.31s]
[0m01:52:48.751833 [debug] [Thread-2 (]: Finished running node test.yelp_analytics.unique_stg_reviews_review_id.9b6c259f3c
[0m01:52:48.754729 [debug] [Thread-4 (]: Finished running node test.yelp_analytics.unique_stg_businesses_business_id.1dafdc3229
[0m01:52:48.757426 [debug] [Thread-1 (]: On test.yelp_analytics.unique_stg_users_user_id.c2ff477e6b: Close
[0m01:52:48.760546 [debug] [Thread-7 (]: Marking all children of 'test.yelp_analytics.unique_stg_reviews_review_id.9b6c259f3c' to be skipped because of status 'error'.  Reason: Database Error in test unique_stg_reviews_review_id (models/staging/schema.yml)
  relation "public_staging.stg_reviews" does not exist
  LINE 18: from "steven"."public_staging"."stg_reviews"
                ^
  compiled code at target/run/yelp_analytics/models/staging/schema.yml/unique_stg_reviews_review_id.sql.
[0m01:52:48.767291 [debug] [Thread-7 (]: Marking all children of 'test.yelp_analytics.unique_stg_businesses_business_id.1dafdc3229' to be skipped because of status 'error'.  Reason: Database Error in test unique_stg_businesses_business_id (models/staging/schema.yml)
  relation "public_staging.stg_businesses" does not exist
  LINE 18: from "steven"."public_staging"."stg_businesses"
                ^
  compiled code at target/run/yelp_analytics/models/staging/schema.yml/unique_stg_businesses_business_id.sql.
[0m01:52:48.769391 [debug] [Thread-3 (]: Postgres adapter: Postgres error: relation "public_marts.user_insights" does not exist
LINE 18: from "steven"."public_marts"."user_insights"
              ^

[0m01:52:48.771583 [debug] [Thread-3 (]: On test.yelp_analytics.unique_user_insights_user_id.821a4d2d9a: ROLLBACK
[0m01:52:48.774370 [debug] [Thread-3 (]: On test.yelp_analytics.unique_user_insights_user_id.821a4d2d9a: Close
[0m01:52:48.790049 [debug] [Thread-1 (]: Database Error in test unique_stg_users_user_id (models/staging/schema.yml)
  relation "public_staging.stg_users" does not exist
  LINE 18: from "steven"."public_staging"."stg_users"
                ^
  compiled code at target/run/yelp_analytics/models/staging/schema.yml/unique_stg_users_user_id.sql
[0m01:52:48.792333 [error] [Thread-1 (]: 33 of 34 ERROR unique_stg_users_user_id ........................................ [[31mERROR[0m in 0.23s]
[0m01:52:48.795359 [debug] [Thread-1 (]: Finished running node test.yelp_analytics.unique_stg_users_user_id.c2ff477e6b
[0m01:52:48.797826 [debug] [Thread-7 (]: Marking all children of 'test.yelp_analytics.unique_stg_users_user_id.c2ff477e6b' to be skipped because of status 'error'.  Reason: Database Error in test unique_stg_users_user_id (models/staging/schema.yml)
  relation "public_staging.stg_users" does not exist
  LINE 18: from "steven"."public_staging"."stg_users"
                ^
  compiled code at target/run/yelp_analytics/models/staging/schema.yml/unique_stg_users_user_id.sql.
[0m01:52:48.809729 [debug] [Thread-3 (]: Database Error in test unique_user_insights_user_id (models/marts/schema.yml)
  relation "public_marts.user_insights" does not exist
  LINE 18: from "steven"."public_marts"."user_insights"
                ^
  compiled code at target/run/yelp_analytics/models/marts/schema.yml/unique_user_insights_user_id.sql
[0m01:52:48.811780 [error] [Thread-3 (]: 34 of 34 ERROR unique_user_insights_user_id .................................... [[31mERROR[0m in 0.17s]
[0m01:52:48.814144 [debug] [Thread-3 (]: Finished running node test.yelp_analytics.unique_user_insights_user_id.821a4d2d9a
[0m01:52:48.816062 [debug] [Thread-7 (]: Marking all children of 'test.yelp_analytics.unique_user_insights_user_id.821a4d2d9a' to be skipped because of status 'error'.  Reason: Database Error in test unique_user_insights_user_id (models/marts/schema.yml)
  relation "public_marts.user_insights" does not exist
  LINE 18: from "steven"."public_marts"."user_insights"
                ^
  compiled code at target/run/yelp_analytics/models/marts/schema.yml/unique_user_insights_user_id.sql.
[0m01:52:48.820978 [debug] [MainThread]: On master: COMMIT
[0m01:52:48.822571 [debug] [MainThread]: Using postgres connection "master"
[0m01:52:48.823925 [debug] [MainThread]: On master: COMMIT
[0m01:52:48.825445 [debug] [MainThread]: Opening a new connection, currently in state closed
[0m01:52:48.867460 [debug] [MainThread]: SQL status: COMMIT in 0.042 seconds
[0m01:52:48.868791 [debug] [MainThread]: On master: Close
[0m01:52:48.870819 [debug] [MainThread]: Connection 'master' was properly closed.
[0m01:52:48.872429 [debug] [MainThread]: Connection 'test.yelp_analytics.unique_stg_reviews_review_id.9b6c259f3c' was properly closed.
[0m01:52:48.874624 [debug] [MainThread]: Connection 'test.yelp_analytics.unique_stg_users_user_id.c2ff477e6b' was properly closed.
[0m01:52:48.876571 [debug] [MainThread]: Connection 'test.yelp_analytics.unique_user_insights_user_id.821a4d2d9a' was properly closed.
[0m01:52:48.878289 [debug] [MainThread]: Connection 'test.yelp_analytics.unique_stg_businesses_business_id.1dafdc3229' was properly closed.
[0m01:52:48.880227 [info ] [MainThread]: 
[0m01:52:48.882172 [info ] [MainThread]: Finished running 1 project hook, 34 data tests in 0 hours 0 minutes and 3.43 seconds (3.43s).
[0m01:52:48.902003 [debug] [MainThread]: Command end result
[0m01:52:49.015600 [debug] [MainThread]: Wrote artifact WritableManifest to /home/steven/fastapi-yelp-postgres/dbt/target/manifest.json
[0m01:52:49.023253 [debug] [MainThread]: Wrote artifact SemanticManifest to /home/steven/fastapi-yelp-postgres/dbt/target/semantic_manifest.json
[0m01:52:49.051965 [debug] [MainThread]: Wrote artifact RunExecutionResult to /home/steven/fastapi-yelp-postgres/dbt/target/run_results.json
[0m01:52:49.053354 [info ] [MainThread]: 
[0m01:52:49.055035 [info ] [MainThread]: [31mCompleted with 34 errors, 0 partial successes, and 0 warnings:[0m
[0m01:52:49.056616 [info ] [MainThread]: 
[0m01:52:49.058503 [error] [MainThread]: [31mFailure in test accepted_values_user_insights_user_tier__Elite_Power_User__Power_User__Active_User__Casual_User__Inactive_User (models/marts/schema.yml)[0m
[0m01:52:49.060948 [error] [MainThread]:   Database Error in test accepted_values_user_insights_user_tier__Elite_Power_User__Power_User__Active_User__Casual_User__Inactive_User (models/marts/schema.yml)
  relation "public_marts.user_insights" does not exist
  LINE 20:     from "steven"."public_marts"."user_insights"
                    ^
  compiled code at target/run/yelp_analytics/models/marts/schema.yml/accepted_values_user_insights_790a04318f08bfbbf59df47e00c1492a.sql
[0m01:52:49.063246 [info ] [MainThread]: 
[0m01:52:49.065215 [info ] [MainThread]:   compiled code at target/compiled/yelp_analytics/models/marts/schema.yml/accepted_values_user_insights_790a04318f08bfbbf59df47e00c1492a.sql
[0m01:52:49.066741 [info ] [MainThread]: 
[0m01:52:49.068803 [error] [MainThread]: [31mFailure in test accepted_values_business_analytics_business_tier__High_Rated__Low_Rated__Average_Rated__Limited_Reviews__No_Reviews (models/marts/schema.yml)[0m
[0m01:52:49.070995 [error] [MainThread]:   Database Error in test accepted_values_business_analytics_business_tier__High_Rated__Low_Rated__Average_Rated__Limited_Reviews__No_Reviews (models/marts/schema.yml)
  relation "public_marts.business_analytics" does not exist
  LINE 20:     from "steven"."public_marts"."business_analytics"
                    ^
  compiled code at target/run/yelp_analytics/models/marts/schema.yml/accepted_values_business_analy_f2325d3c7464edc6bf77b7e62f48ce38.sql
[0m01:52:49.072747 [info ] [MainThread]: 
[0m01:52:49.074802 [info ] [MainThread]:   compiled code at target/compiled/yelp_analytics/models/marts/schema.yml/accepted_values_business_analy_f2325d3c7464edc6bf77b7e62f48ce38.sql
[0m01:52:49.076647 [info ] [MainThread]: 
[0m01:52:49.078458 [error] [MainThread]: [31mFailure in test accepted_values_stg_reviews_sentiment__positive__neutral__negative (models/staging/schema.yml)[0m
[0m01:52:49.080741 [error] [MainThread]:   Database Error in test accepted_values_stg_reviews_sentiment__positive__neutral__negative (models/staging/schema.yml)
  relation "public_staging.stg_reviews" does not exist
  LINE 20:     from "steven"."public_staging"."stg_reviews"
                    ^
  compiled code at target/run/yelp_analytics/models/staging/schema.yml/accepted_values_stg_reviews_805cb3985f9d06a173d031b01b39f026.sql
[0m01:52:49.082716 [info ] [MainThread]: 
[0m01:52:49.084772 [info ] [MainThread]:   compiled code at target/compiled/yelp_analytics/models/staging/schema.yml/accepted_values_stg_reviews_805cb3985f9d06a173d031b01b39f026.sql
[0m01:52:49.086803 [info ] [MainThread]: 
[0m01:52:49.089204 [error] [MainThread]: [31mFailure in test accepted_values_stg_businesses_stars__0__0_5__1__1_5__2__2_5__3__3_5__4__4_5__5 (models/staging/schema.yml)[0m
[0m01:52:49.091585 [error] [MainThread]:   Database Error in test accepted_values_stg_businesses_stars__0__0_5__1__1_5__2__2_5__3__3_5__4__4_5__5 (models/staging/schema.yml)
  relation "public_staging.stg_businesses" does not exist
  LINE 20:     from "steven"."public_staging"."stg_businesses"
                    ^
  compiled code at target/run/yelp_analytics/models/staging/schema.yml/accepted_values_stg_businesses_49dab18b9769ed1baa483522d339a04f.sql
[0m01:52:49.093334 [info ] [MainThread]: 
[0m01:52:49.095277 [info ] [MainThread]:   compiled code at target/compiled/yelp_analytics/models/staging/schema.yml/accepted_values_stg_businesses_49dab18b9769ed1baa483522d339a04f.sql
[0m01:52:49.096987 [info ] [MainThread]: 
[0m01:52:49.099368 [error] [MainThread]: [31mFailure in test dbt_utils_expression_is_true_business_analytics_calculated_avg_rating___0_and_5 (models/marts/schema.yml)[0m
[0m01:52:49.101632 [error] [MainThread]:   Compilation Error in test dbt_utils_expression_is_true_business_analytics_calculated_avg_rating___0_and_5 (models/marts/schema.yml)
  'dbt_utils' is undefined. This can happen when calling a macro that does not exist. Check for typos and/or install package dependencies with "dbt deps".
[0m01:52:49.103515 [info ] [MainThread]: 
[0m01:52:49.105320 [error] [MainThread]: [31mFailure in test dbt_utils_expression_is_true_business_analytics_positive_review_percentage___0_and_100 (models/marts/schema.yml)[0m
[0m01:52:49.107440 [error] [MainThread]:   Compilation Error in test dbt_utils_expression_is_true_business_analytics_positive_review_percentage___0_and_100 (models/marts/schema.yml)
  'dbt_utils' is undefined. This can happen when calling a macro that does not exist. Check for typos and/or install package dependencies with "dbt deps".
[0m01:52:49.109350 [info ] [MainThread]: 
[0m01:52:49.111519 [error] [MainThread]: [31mFailure in test dbt_utils_expression_is_true_category_analytics_businesses_in_category___0 (models/marts/schema.yml)[0m
[0m01:52:49.113659 [error] [MainThread]:   Compilation Error in test dbt_utils_expression_is_true_category_analytics_businesses_in_category___0 (models/marts/schema.yml)
  'dbt_utils' is undefined. This can happen when calling a macro that does not exist. Check for typos and/or install package dependencies with "dbt deps".
[0m01:52:49.115857 [info ] [MainThread]: 
[0m01:52:49.118061 [error] [MainThread]: [31mFailure in test not_null_business_analytics_business_id (models/marts/schema.yml)[0m
[0m01:52:49.120616 [error] [MainThread]:   Database Error in test not_null_business_analytics_business_id (models/marts/schema.yml)
  relation "public_marts.business_analytics" does not exist
  LINE 17: from "steven"."public_marts"."business_analytics"
                ^
  compiled code at target/run/yelp_analytics/models/marts/schema.yml/not_null_business_analytics_business_id.sql
[0m01:52:49.122834 [info ] [MainThread]: 
[0m01:52:49.125026 [info ] [MainThread]:   compiled code at target/compiled/yelp_analytics/models/marts/schema.yml/not_null_business_analytics_business_id.sql
[0m01:52:49.126859 [info ] [MainThread]: 
[0m01:52:49.129011 [error] [MainThread]: [31mFailure in test not_null_review_trends_city (models/marts/schema.yml)[0m
[0m01:52:49.131360 [error] [MainThread]:   Database Error in test not_null_review_trends_city (models/marts/schema.yml)
  relation "public_marts.review_trends" does not exist
  LINE 17: from "steven"."public_marts"."review_trends"
                ^
  compiled code at target/run/yelp_analytics/models/marts/schema.yml/not_null_review_trends_city.sql
[0m01:52:49.133116 [info ] [MainThread]: 
[0m01:52:49.135062 [info ] [MainThread]:   compiled code at target/compiled/yelp_analytics/models/marts/schema.yml/not_null_review_trends_city.sql
[0m01:52:49.137057 [info ] [MainThread]: 
[0m01:52:49.139159 [error] [MainThread]: [31mFailure in test not_null_review_trends_month (models/marts/schema.yml)[0m
[0m01:52:49.141450 [error] [MainThread]:   Database Error in test not_null_review_trends_month (models/marts/schema.yml)
  relation "public_marts.review_trends" does not exist
  LINE 17: from "steven"."public_marts"."review_trends"
                ^
  compiled code at target/run/yelp_analytics/models/marts/schema.yml/not_null_review_trends_month.sql
[0m01:52:49.143530 [info ] [MainThread]: 
[0m01:52:49.146682 [info ] [MainThread]:   compiled code at target/compiled/yelp_analytics/models/marts/schema.yml/not_null_review_trends_month.sql
[0m01:52:49.148605 [info ] [MainThread]: 
[0m01:52:49.150640 [error] [MainThread]: [31mFailure in test not_null_category_analytics_category (models/marts/schema.yml)[0m
[0m01:52:49.152533 [error] [MainThread]:   Database Error in test not_null_category_analytics_category (models/marts/schema.yml)
  relation "public_marts.category_analytics" does not exist
  LINE 17: from "steven"."public_marts"."category_analytics"
                ^
  compiled code at target/run/yelp_analytics/models/marts/schema.yml/not_null_category_analytics_category.sql
[0m01:52:49.154172 [info ] [MainThread]: 
[0m01:52:49.156553 [info ] [MainThread]:   compiled code at target/compiled/yelp_analytics/models/marts/schema.yml/not_null_category_analytics_category.sql
[0m01:52:49.158544 [info ] [MainThread]: 
[0m01:52:49.160883 [error] [MainThread]: [31mFailure in test not_null_stg_businesses_business_id (models/staging/schema.yml)[0m
[0m01:52:49.162815 [error] [MainThread]:   Database Error in test not_null_stg_businesses_business_id (models/staging/schema.yml)
  relation "public_staging.stg_businesses" does not exist
  LINE 17: from "steven"."public_staging"."stg_businesses"
                ^
  compiled code at target/run/yelp_analytics/models/staging/schema.yml/not_null_stg_businesses_business_id.sql
[0m01:52:49.164450 [info ] [MainThread]: 
[0m01:52:49.166361 [info ] [MainThread]:   compiled code at target/compiled/yelp_analytics/models/staging/schema.yml/not_null_stg_businesses_business_id.sql
[0m01:52:49.168174 [info ] [MainThread]: 
[0m01:52:49.169938 [error] [MainThread]: [31mFailure in test not_null_stg_reviews_review_id (models/staging/schema.yml)[0m
[0m01:52:49.171794 [error] [MainThread]:   Database Error in test not_null_stg_reviews_review_id (models/staging/schema.yml)
  relation "public_staging.stg_reviews" does not exist
  LINE 17: from "steven"."public_staging"."stg_reviews"
                ^
  compiled code at target/run/yelp_analytics/models/staging/schema.yml/not_null_stg_reviews_review_id.sql
[0m01:52:49.173616 [info ] [MainThread]: 
[0m01:52:49.175688 [info ] [MainThread]:   compiled code at target/compiled/yelp_analytics/models/staging/schema.yml/not_null_stg_reviews_review_id.sql
[0m01:52:49.177317 [info ] [MainThread]: 
[0m01:52:49.179006 [error] [MainThread]: [31mFailure in test not_null_stg_users_user_id (models/staging/schema.yml)[0m
[0m01:52:49.180924 [error] [MainThread]:   Database Error in test not_null_stg_users_user_id (models/staging/schema.yml)
  relation "public_staging.stg_users" does not exist
  LINE 17: from "steven"."public_staging"."stg_users"
                ^
  compiled code at target/run/yelp_analytics/models/staging/schema.yml/not_null_stg_users_user_id.sql
[0m01:52:49.182529 [info ] [MainThread]: 
[0m01:52:49.184169 [info ] [MainThread]:   compiled code at target/compiled/yelp_analytics/models/staging/schema.yml/not_null_stg_users_user_id.sql
[0m01:52:49.186049 [info ] [MainThread]: 
[0m01:52:49.188346 [error] [MainThread]: [31mFailure in test not_null_user_insights_user_id (models/marts/schema.yml)[0m
[0m01:52:49.190277 [error] [MainThread]:   Database Error in test not_null_user_insights_user_id (models/marts/schema.yml)
  relation "public_marts.user_insights" does not exist
  LINE 17: from "steven"."public_marts"."user_insights"
                ^
  compiled code at target/run/yelp_analytics/models/marts/schema.yml/not_null_user_insights_user_id.sql
[0m01:52:49.191889 [info ] [MainThread]: 
[0m01:52:49.194099 [info ] [MainThread]:   compiled code at target/compiled/yelp_analytics/models/marts/schema.yml/not_null_user_insights_user_id.sql
[0m01:52:49.195837 [info ] [MainThread]: 
[0m01:52:49.197648 [error] [MainThread]: [31mFailure in test orphaned_reviews (tests/orphaned_reviews.sql)[0m
[0m01:52:49.199856 [error] [MainThread]:   Database Error in test orphaned_reviews (tests/orphaned_reviews.sql)
  relation "public_staging.stg_reviews" does not exist
  LINE 15: from "steven"."public_staging"."stg_reviews" r
                ^
  compiled code at target/run/yelp_analytics/tests/orphaned_reviews.sql
[0m01:52:49.201439 [info ] [MainThread]: 
[0m01:52:49.203490 [info ] [MainThread]:   compiled code at target/compiled/yelp_analytics/tests/orphaned_reviews.sql
[0m01:52:49.205216 [info ] [MainThread]: 
[0m01:52:49.207032 [error] [MainThread]: [31mFailure in test orphaned_tips (tests/orphaned_tips.sql)[0m
[0m01:52:49.209127 [error] [MainThread]:   Database Error in test orphaned_tips (tests/orphaned_tips.sql)
  relation "public_staging.stg_tips" does not exist
  LINE 17:     from "steven"."public_staging"."stg_tips" t
                    ^
  compiled code at target/run/yelp_analytics/tests/orphaned_tips.sql
[0m01:52:49.210877 [info ] [MainThread]: 
[0m01:52:49.212819 [info ] [MainThread]:   compiled code at target/compiled/yelp_analytics/tests/orphaned_tips.sql
[0m01:52:49.214683 [info ] [MainThread]: 
[0m01:52:49.216806 [error] [MainThread]: [31mFailure in test review_count_consistency (tests/review_count_consistency.sql)[0m
[0m01:52:49.218479 [error] [MainThread]:   Database Error in test review_count_consistency (tests/review_count_consistency.sql)
  relation "public_marts.business_analytics" does not exist
  LINE 18: from "steven"."public_marts"."business_analytics" b
                ^
  compiled code at target/run/yelp_analytics/tests/review_count_consistency.sql
[0m01:52:49.220187 [info ] [MainThread]: 
[0m01:52:49.222347 [info ] [MainThread]:   compiled code at target/compiled/yelp_analytics/tests/review_count_consistency.sql
[0m01:52:49.223962 [info ] [MainThread]: 
[0m01:52:49.225890 [error] [MainThread]: [31mFailure in test source_not_null_yelp_business_business_id (models/staging/schema.yml)[0m
[0m01:52:49.227923 [error] [MainThread]:   Database Error in test source_not_null_yelp_business_business_id (models/staging/schema.yml)
  cross-database references are not implemented: "yelp.public.business"
  LINE 17: from "yelp"."public"."business"
                ^
  compiled code at target/run/yelp_analytics/models/staging/schema.yml/source_not_null_yelp_business_business_id.sql
[0m01:52:49.229553 [info ] [MainThread]: 
[0m01:52:49.231504 [info ] [MainThread]:   compiled code at target/compiled/yelp_analytics/models/staging/schema.yml/source_not_null_yelp_business_business_id.sql
[0m01:52:49.233452 [info ] [MainThread]: 
[0m01:52:49.235413 [error] [MainThread]: [31mFailure in test source_not_null_yelp_checkins_business_id (models/staging/schema.yml)[0m
[0m01:52:49.237490 [error] [MainThread]:   Database Error in test source_not_null_yelp_checkins_business_id (models/staging/schema.yml)
  cross-database references are not implemented: "yelp.public.checkins"
  LINE 17: from "yelp"."public"."checkins"
                ^
  compiled code at target/run/yelp_analytics/models/staging/schema.yml/source_not_null_yelp_checkins_business_id.sql
[0m01:52:49.239166 [info ] [MainThread]: 
[0m01:52:49.240733 [info ] [MainThread]:   compiled code at target/compiled/yelp_analytics/models/staging/schema.yml/source_not_null_yelp_checkins_business_id.sql
[0m01:52:49.242467 [info ] [MainThread]: 
[0m01:52:49.244670 [error] [MainThread]: [31mFailure in test source_not_null_yelp_reviews_business_id (models/staging/schema.yml)[0m
[0m01:52:49.246585 [error] [MainThread]:   Database Error in test source_not_null_yelp_reviews_business_id (models/staging/schema.yml)
  cross-database references are not implemented: "yelp.public.reviews"
  LINE 17: from "yelp"."public"."reviews"
                ^
  compiled code at target/run/yelp_analytics/models/staging/schema.yml/source_not_null_yelp_reviews_business_id.sql
[0m01:52:49.248606 [info ] [MainThread]: 
[0m01:52:49.250715 [info ] [MainThread]:   compiled code at target/compiled/yelp_analytics/models/staging/schema.yml/source_not_null_yelp_reviews_business_id.sql
[0m01:52:49.252264 [info ] [MainThread]: 
[0m01:52:49.254063 [error] [MainThread]: [31mFailure in test source_not_null_yelp_reviews_review_id (models/staging/schema.yml)[0m
[0m01:52:49.256033 [error] [MainThread]:   Database Error in test source_not_null_yelp_reviews_review_id (models/staging/schema.yml)
  cross-database references are not implemented: "yelp.public.reviews"
  LINE 17: from "yelp"."public"."reviews"
                ^
  compiled code at target/run/yelp_analytics/models/staging/schema.yml/source_not_null_yelp_reviews_review_id.sql
[0m01:52:49.257651 [info ] [MainThread]: 
[0m01:52:49.259671 [info ] [MainThread]:   compiled code at target/compiled/yelp_analytics/models/staging/schema.yml/source_not_null_yelp_reviews_review_id.sql
[0m01:52:49.261798 [info ] [MainThread]: 
[0m01:52:49.264152 [error] [MainThread]: [31mFailure in test source_not_null_yelp_reviews_user_id (models/staging/schema.yml)[0m
[0m01:52:49.266531 [error] [MainThread]:   Database Error in test source_not_null_yelp_reviews_user_id (models/staging/schema.yml)
  cross-database references are not implemented: "yelp.public.reviews"
  LINE 17: from "yelp"."public"."reviews"
                ^
  compiled code at target/run/yelp_analytics/models/staging/schema.yml/source_not_null_yelp_reviews_user_id.sql
[0m01:52:49.268119 [info ] [MainThread]: 
[0m01:52:49.270035 [info ] [MainThread]:   compiled code at target/compiled/yelp_analytics/models/staging/schema.yml/source_not_null_yelp_reviews_user_id.sql
[0m01:52:49.271938 [info ] [MainThread]: 
[0m01:52:49.273910 [error] [MainThread]: [31mFailure in test source_not_null_yelp_tips_business_id (models/staging/schema.yml)[0m
[0m01:52:49.275755 [error] [MainThread]:   Database Error in test source_not_null_yelp_tips_business_id (models/staging/schema.yml)
  cross-database references are not implemented: "yelp.public.tips"
  LINE 17: from "yelp"."public"."tips"
                ^
  compiled code at target/run/yelp_analytics/models/staging/schema.yml/source_not_null_yelp_tips_business_id.sql
[0m01:52:49.277566 [info ] [MainThread]: 
[0m01:52:49.279754 [info ] [MainThread]:   compiled code at target/compiled/yelp_analytics/models/staging/schema.yml/source_not_null_yelp_tips_business_id.sql
[0m01:52:49.281205 [info ] [MainThread]: 
[0m01:52:49.282968 [error] [MainThread]: [31mFailure in test source_not_null_yelp_tips_user_id (models/staging/schema.yml)[0m
[0m01:52:49.284830 [error] [MainThread]:   Database Error in test source_not_null_yelp_tips_user_id (models/staging/schema.yml)
  cross-database references are not implemented: "yelp.public.tips"
  LINE 17: from "yelp"."public"."tips"
                ^
  compiled code at target/run/yelp_analytics/models/staging/schema.yml/source_not_null_yelp_tips_user_id.sql
[0m01:52:49.286568 [info ] [MainThread]: 
[0m01:52:49.288473 [info ] [MainThread]:   compiled code at target/compiled/yelp_analytics/models/staging/schema.yml/source_not_null_yelp_tips_user_id.sql
[0m01:52:49.290336 [info ] [MainThread]: 
[0m01:52:49.292397 [error] [MainThread]: [31mFailure in test source_not_null_yelp_yelp_users_user_id (models/staging/schema.yml)[0m
[0m01:52:49.294337 [error] [MainThread]:   Database Error in test source_not_null_yelp_yelp_users_user_id (models/staging/schema.yml)
  cross-database references are not implemented: "yelp.public.yelp_users"
  LINE 17: from "yelp"."public"."yelp_users"
                ^
  compiled code at target/run/yelp_analytics/models/staging/schema.yml/source_not_null_yelp_yelp_users_user_id.sql
[0m01:52:49.295924 [info ] [MainThread]: 
[0m01:52:49.298158 [info ] [MainThread]:   compiled code at target/compiled/yelp_analytics/models/staging/schema.yml/source_not_null_yelp_yelp_users_user_id.sql
[0m01:52:49.299719 [info ] [MainThread]: 
[0m01:52:49.301721 [error] [MainThread]: [31mFailure in test source_unique_yelp_business_business_id (models/staging/schema.yml)[0m
[0m01:52:49.303728 [error] [MainThread]:   Database Error in test source_unique_yelp_business_business_id (models/staging/schema.yml)
  cross-database references are not implemented: "yelp.public.business"
  LINE 18: from "yelp"."public"."business"
                ^
  compiled code at target/run/yelp_analytics/models/staging/schema.yml/source_unique_yelp_business_business_id.sql
[0m01:52:49.305112 [info ] [MainThread]: 
[0m01:52:49.306846 [info ] [MainThread]:   compiled code at target/compiled/yelp_analytics/models/staging/schema.yml/source_unique_yelp_business_business_id.sql
[0m01:52:49.308504 [info ] [MainThread]: 
[0m01:52:49.310287 [error] [MainThread]: [31mFailure in test source_unique_yelp_reviews_review_id (models/staging/schema.yml)[0m
[0m01:52:49.312341 [error] [MainThread]:   Database Error in test source_unique_yelp_reviews_review_id (models/staging/schema.yml)
  cross-database references are not implemented: "yelp.public.reviews"
  LINE 18: from "yelp"."public"."reviews"
                ^
  compiled code at target/run/yelp_analytics/models/staging/schema.yml/source_unique_yelp_reviews_review_id.sql
[0m01:52:49.314274 [info ] [MainThread]: 
[0m01:52:49.316023 [info ] [MainThread]:   compiled code at target/compiled/yelp_analytics/models/staging/schema.yml/source_unique_yelp_reviews_review_id.sql
[0m01:52:49.317369 [info ] [MainThread]: 
[0m01:52:49.319062 [error] [MainThread]: [31mFailure in test source_unique_yelp_yelp_users_user_id (models/staging/schema.yml)[0m
[0m01:52:49.321485 [error] [MainThread]:   Database Error in test source_unique_yelp_yelp_users_user_id (models/staging/schema.yml)
  cross-database references are not implemented: "yelp.public.yelp_users"
  LINE 18: from "yelp"."public"."yelp_users"
                ^
  compiled code at target/run/yelp_analytics/models/staging/schema.yml/source_unique_yelp_yelp_users_user_id.sql
[0m01:52:49.323331 [info ] [MainThread]: 
[0m01:52:49.325457 [info ] [MainThread]:   compiled code at target/compiled/yelp_analytics/models/staging/schema.yml/source_unique_yelp_yelp_users_user_id.sql
[0m01:52:49.326939 [info ] [MainThread]: 
[0m01:52:49.329205 [error] [MainThread]: [31mFailure in test unique_business_analytics_business_id (models/marts/schema.yml)[0m
[0m01:52:49.331048 [error] [MainThread]:   Database Error in test unique_business_analytics_business_id (models/marts/schema.yml)
  relation "public_marts.business_analytics" does not exist
  LINE 18: from "steven"."public_marts"."business_analytics"
                ^
  compiled code at target/run/yelp_analytics/models/marts/schema.yml/unique_business_analytics_business_id.sql
[0m01:52:49.332638 [info ] [MainThread]: 
[0m01:52:49.334418 [info ] [MainThread]:   compiled code at target/compiled/yelp_analytics/models/marts/schema.yml/unique_business_analytics_business_id.sql
[0m01:52:49.336097 [info ] [MainThread]: 
[0m01:52:49.337797 [error] [MainThread]: [31mFailure in test unique_stg_reviews_review_id (models/staging/schema.yml)[0m
[0m01:52:49.339602 [error] [MainThread]:   Database Error in test unique_stg_reviews_review_id (models/staging/schema.yml)
  relation "public_staging.stg_reviews" does not exist
  LINE 18: from "steven"."public_staging"."stg_reviews"
                ^
  compiled code at target/run/yelp_analytics/models/staging/schema.yml/unique_stg_reviews_review_id.sql
[0m01:52:49.341409 [info ] [MainThread]: 
[0m01:52:49.343322 [info ] [MainThread]:   compiled code at target/compiled/yelp_analytics/models/staging/schema.yml/unique_stg_reviews_review_id.sql
[0m01:52:49.345193 [info ] [MainThread]: 
[0m01:52:49.347166 [error] [MainThread]: [31mFailure in test unique_stg_businesses_business_id (models/staging/schema.yml)[0m
[0m01:52:49.348824 [error] [MainThread]:   Database Error in test unique_stg_businesses_business_id (models/staging/schema.yml)
  relation "public_staging.stg_businesses" does not exist
  LINE 18: from "steven"."public_staging"."stg_businesses"
                ^
  compiled code at target/run/yelp_analytics/models/staging/schema.yml/unique_stg_businesses_business_id.sql
[0m01:52:49.350435 [info ] [MainThread]: 
[0m01:52:49.352447 [info ] [MainThread]:   compiled code at target/compiled/yelp_analytics/models/staging/schema.yml/unique_stg_businesses_business_id.sql
[0m01:52:49.354299 [info ] [MainThread]: 
[0m01:52:49.356576 [error] [MainThread]: [31mFailure in test unique_stg_users_user_id (models/staging/schema.yml)[0m
[0m01:52:49.358520 [error] [MainThread]:   Database Error in test unique_stg_users_user_id (models/staging/schema.yml)
  relation "public_staging.stg_users" does not exist
  LINE 18: from "steven"."public_staging"."stg_users"
                ^
  compiled code at target/run/yelp_analytics/models/staging/schema.yml/unique_stg_users_user_id.sql
[0m01:52:49.360095 [info ] [MainThread]: 
[0m01:52:49.362151 [info ] [MainThread]:   compiled code at target/compiled/yelp_analytics/models/staging/schema.yml/unique_stg_users_user_id.sql
[0m01:52:49.363820 [info ] [MainThread]: 
[0m01:52:49.365894 [error] [MainThread]: [31mFailure in test unique_user_insights_user_id (models/marts/schema.yml)[0m
[0m01:52:49.368243 [error] [MainThread]:   Database Error in test unique_user_insights_user_id (models/marts/schema.yml)
  relation "public_marts.user_insights" does not exist
  LINE 18: from "steven"."public_marts"."user_insights"
                ^
  compiled code at target/run/yelp_analytics/models/marts/schema.yml/unique_user_insights_user_id.sql
[0m01:52:49.370199 [info ] [MainThread]: 
[0m01:52:49.372035 [info ] [MainThread]:   compiled code at target/compiled/yelp_analytics/models/marts/schema.yml/unique_user_insights_user_id.sql
[0m01:52:49.373939 [info ] [MainThread]: 
[0m01:52:49.375797 [info ] [MainThread]: Done. PASS=1 WARN=0 ERROR=34 SKIP=0 NO-OP=0 TOTAL=35
[0m01:52:49.378395 [warn ] [MainThread]: [[33mWARNING[0m][DeprecationsSummary]: Deprecated functionality
Summary of encountered deprecations:
- MissingArgumentsPropertyInGenericTestDeprecation: 7 occurrences
To see all deprecation instances instead of just the first occurrence of each,
run command again with the `--show-all-deprecations` flag. You may also need to
run with `--no-partial-parse` as some deprecations are only encountered during
parsing.
[0m01:52:49.381881 [debug] [MainThread]: Resource report: {"command_name": "test", "command_success": false, "command_wall_clock_time": 13.861593, "process_in_blocks": "152", "process_kernel_time": 2.083726, "process_mem_max_rss": "165220", "process_out_blocks": "5904", "process_user_time": 18.613096}
[0m01:52:49.383732 [debug] [MainThread]: Command `dbt test` failed at 01:52:49.383293 after 13.86 seconds
[0m01:52:49.385284 [debug] [MainThread]: Sending event: {'category': 'dbt', 'action': 'invocation', 'label': 'end', 'context': [<snowplow_tracker.self_describing_json.SelfDescribingJson object at 0xffff98dc3070>, <snowplow_tracker.self_describing_json.SelfDescribingJson object at 0xffff99067d10>, <snowplow_tracker.self_describing_json.SelfDescribingJson object at 0xffff99645250>]}
[0m01:52:49.386941 [debug] [MainThread]: Flushing usage events
[0m01:52:49.584198 [debug] [MainThread]: An error was encountered while trying to flush usage events
[0m01:53:51.470762 [debug] [MainThread]: Sending event: {'category': 'dbt', 'action': 'invocation', 'label': 'start', 'context': [<snowplow_tracker.self_describing_json.SelfDescribingJson object at 0xffff90572a50>, <snowplow_tracker.self_describing_json.SelfDescribingJson object at 0xffff8f58bd90>, <snowplow_tracker.self_describing_json.SelfDescribingJson object at 0xffff8f58b9d0>]}


============================== 01:53:51.484522 | 1ece60c5-9896-4d16-9179-5daf7289de77 ==============================
[0m01:53:51.484522 [info ] [MainThread]: Running with dbt=1.11.2
[0m01:53:51.487040 [debug] [MainThread]: running dbt with arguments {'introspect': 'True', 'indirect_selection': 'eager', 'partial_parse': 'True', 'invocation_command': 'dbt run', 'fail_fast': 'False', 'send_anonymous_usage_stats': 'True', 'write_json': 'True', 'empty': 'False', 'log_format': 'default', 'target_path': 'None', 'quiet': 'False', 'printer_width': '80', 'warn_error_options': 'WarnErrorOptionsV2(error=[], warn=[], silence=[])', 'warn_error': 'None', 'cache_selected_only': 'False', 'debug': 'False', 'log_cache_events': 'False', 'use_experimental_parser': 'False', 'version_check': 'True', 'profiles_dir': '/home/steven/fastapi-yelp-postgres/dbt', 'log_path': '/home/steven/fastapi-yelp-postgres/dbt/logs', 'static_parser': 'True', 'use_colors': 'True', 'no_print': 'None'}
[0m01:53:52.273068 [debug] [MainThread]: Sending event: {'category': 'dbt', 'action': 'project_id', 'label': '1ece60c5-9896-4d16-9179-5daf7289de77', 'context': [<snowplow_tracker.self_describing_json.SelfDescribingJson object at 0xffff902a1480>]}
[0m01:53:52.595147 [debug] [MainThread]: Sending event: {'category': 'dbt', 'action': 'adapter_info', 'label': '1ece60c5-9896-4d16-9179-5daf7289de77', 'context': [<snowplow_tracker.self_describing_json.SelfDescribingJson object at 0xffff91865d00>]}
[0m01:53:52.597751 [info ] [MainThread]: Registered adapter: postgres=1.10.0
[0m01:53:53.060032 [debug] [MainThread]: checksum: 3d40d8bbe1bef07db1c24822f2dbfff8bc07f2a48ed4fe2658a40653aec0b54b, vars: {}, profile: , target: , version: 1.11.2
[0m01:53:53.645834 [debug] [MainThread]: Partial parsing enabled: 0 files deleted, 0 files added, 0 files changed.
[0m01:53:53.647303 [debug] [MainThread]: Nothing changed, skipping partial parsing.
[0m01:53:53.648617 [debug] [MainThread]: Partial parsing enabled, no changes found, skipping parsing
[0m01:53:53.669778 [warn ] [MainThread]: [[33mWARNING[0m]: Configuration paths exist in your dbt_project.yml file which do not apply to any resources.
There are 1 unused configuration paths:
- models.yelp_analytics.intermediate
[0m01:53:53.892234 [debug] [MainThread]: Sending event: {'category': 'dbt', 'action': 'load_project', 'label': '1ece60c5-9896-4d16-9179-5daf7289de77', 'context': [<snowplow_tracker.self_describing_json.SelfDescribingJson object at 0xffff8f641750>]}
[0m01:53:54.338922 [debug] [MainThread]: Wrote artifact WritableManifest to /home/steven/fastapi-yelp-postgres/dbt/target/manifest.json
[0m01:53:54.352892 [debug] [MainThread]: Wrote artifact SemanticManifest to /home/steven/fastapi-yelp-postgres/dbt/target/semantic_manifest.json
[0m01:53:54.412044 [debug] [MainThread]: Sending event: {'category': 'dbt', 'action': 'resource_counts', 'label': '1ece60c5-9896-4d16-9179-5daf7289de77', 'context': [<snowplow_tracker.self_describing_json.SelfDescribingJson object at 0xffff8f67ec60>]}
[0m01:53:54.413815 [info ] [MainThread]: Found 9 models, 34 data tests, 1 operation, 5 sources, 465 macros
[0m01:53:54.415433 [debug] [MainThread]: Sending event: {'category': 'dbt', 'action': 'runnable_timing', 'label': '1ece60c5-9896-4d16-9179-5daf7289de77', 'context': [<snowplow_tracker.self_describing_json.SelfDescribingJson object at 0xffff8df9b930>]}
[0m01:53:54.425172 [info ] [MainThread]: 
[0m01:53:54.426672 [info ] [MainThread]: Concurrency: 4 threads (target='dev')
[0m01:53:54.428013 [info ] [MainThread]: 
[0m01:53:54.429950 [debug] [MainThread]: Acquiring new postgres connection 'master'
[0m01:53:54.446046 [debug] [ThreadPool]: Acquiring new postgres connection 'list_steven'
[0m01:53:54.458857 [debug] [ThreadPool]: Acquiring new postgres connection 'list_steven'
[0m01:53:54.838464 [debug] [ThreadPool]: Using postgres connection "list_steven"
[0m01:53:54.840135 [debug] [ThreadPool]: Using postgres connection "list_steven"
[0m01:53:54.841620 [debug] [ThreadPool]: On list_steven: /* {"app": "dbt", "dbt_version": "1.11.2", "profile_name": "yelp_analytics", "target_name": "dev", "connection_name": "list_steven"} */

    select distinct nspname from pg_namespace
  
[0m01:53:54.843293 [debug] [ThreadPool]: On list_steven: /* {"app": "dbt", "dbt_version": "1.11.2", "profile_name": "yelp_analytics", "target_name": "dev", "connection_name": "list_steven"} */

    select distinct nspname from pg_namespace
  
[0m01:53:54.844680 [debug] [ThreadPool]: Opening a new connection, currently in state init
[0m01:53:54.846237 [debug] [ThreadPool]: Opening a new connection, currently in state init
[0m01:53:54.896814 [debug] [ThreadPool]: SQL status: SELECT 4 in 0.052 seconds
[0m01:53:54.898745 [debug] [ThreadPool]: SQL status: SELECT 4 in 0.052 seconds
[0m01:53:54.903892 [debug] [ThreadPool]: On list_steven: Close
[0m01:53:54.909881 [debug] [ThreadPool]: On list_steven: Close
[0m01:53:54.914714 [debug] [ThreadPool]: Re-using an available connection from the pool (formerly list_steven, now create_steven_public_marts)
[0m01:53:54.917450 [debug] [ThreadPool]: Re-using an available connection from the pool (formerly list_steven, now create_steven_public_staging)
[0m01:53:54.920348 [debug] [ThreadPool]: Creating schema "database: "steven"
schema: "public_marts"
"
[0m01:53:54.922593 [debug] [ThreadPool]: Creating schema "database: "steven"
schema: "public_staging"
"
[0m01:53:54.952397 [debug] [ThreadPool]: Using postgres connection "create_steven_public_marts"
[0m01:53:54.959208 [debug] [ThreadPool]: On create_steven_public_marts: /* {"app": "dbt", "dbt_version": "1.11.2", "profile_name": "yelp_analytics", "target_name": "dev", "connection_name": "create_steven_public_marts"} */
create schema if not exists "public_marts"
[0m01:53:54.961351 [debug] [ThreadPool]: Using postgres connection "create_steven_public_staging"
[0m01:53:54.962619 [debug] [ThreadPool]: Opening a new connection, currently in state closed
[0m01:53:54.964007 [debug] [ThreadPool]: On create_steven_public_staging: /* {"app": "dbt", "dbt_version": "1.11.2", "profile_name": "yelp_analytics", "target_name": "dev", "connection_name": "create_steven_public_staging"} */
create schema if not exists "public_staging"
[0m01:53:54.965965 [debug] [ThreadPool]: Opening a new connection, currently in state closed
[0m01:53:55.016108 [debug] [ThreadPool]: SQL status: CREATE SCHEMA in 0.053 seconds
[0m01:53:55.017602 [debug] [ThreadPool]: SQL status: CREATE SCHEMA in 0.052 seconds
[0m01:53:55.021564 [debug] [ThreadPool]: On create_steven_public_marts: COMMIT
[0m01:53:55.026521 [debug] [ThreadPool]: On create_steven_public_staging: COMMIT
[0m01:53:55.028716 [debug] [ThreadPool]: Using postgres connection "create_steven_public_marts"
[0m01:53:55.030722 [debug] [ThreadPool]: Using postgres connection "create_steven_public_staging"
[0m01:53:55.032629 [debug] [ThreadPool]: On create_steven_public_marts: COMMIT
[0m01:53:55.034276 [debug] [ThreadPool]: On create_steven_public_staging: COMMIT
[0m01:53:55.038812 [debug] [ThreadPool]: SQL status: COMMIT in 0.003 seconds
[0m01:53:55.040598 [debug] [ThreadPool]: On create_steven_public_staging: Close
[0m01:53:55.042292 [debug] [ThreadPool]: SQL status: COMMIT in 0.006 seconds
[0m01:53:55.044022 [debug] [ThreadPool]: On create_steven_public_marts: Close
[0m01:53:55.055234 [debug] [ThreadPool]: Re-using an available connection from the pool (formerly create_steven_public_staging, now list_steven_public_staging)
[0m01:53:55.062826 [debug] [ThreadPool]: Re-using an available connection from the pool (formerly create_steven_public_marts, now list_steven_public_marts)
[0m01:53:55.090669 [debug] [ThreadPool]: Using postgres connection "list_steven_public_staging"
[0m01:53:55.098447 [debug] [ThreadPool]: On list_steven_public_staging: /* {"app": "dbt", "dbt_version": "1.11.2", "profile_name": "yelp_analytics", "target_name": "dev", "connection_name": "list_steven_public_staging"} */
select
      'steven' as database,
      tablename as name,
      schemaname as schema,
      'table' as type
    from pg_tables
    where schemaname ilike 'public_staging'
    union all
    select
      'steven' as database,
      viewname as name,
      schemaname as schema,
      'view' as type
    from pg_views
    where schemaname ilike 'public_staging'
    union all
    select
      'steven' as database,
      matviewname as name,
      schemaname as schema,
      'materialized_view' as type
    from pg_matviews
    where schemaname ilike 'public_staging'
  
[0m01:53:55.100688 [debug] [ThreadPool]: Using postgres connection "list_steven_public_marts"
[0m01:53:55.102027 [debug] [ThreadPool]: Opening a new connection, currently in state closed
[0m01:53:55.103625 [debug] [ThreadPool]: On list_steven_public_marts: /* {"app": "dbt", "dbt_version": "1.11.2", "profile_name": "yelp_analytics", "target_name": "dev", "connection_name": "list_steven_public_marts"} */
select
      'steven' as database,
      tablename as name,
      schemaname as schema,
      'table' as type
    from pg_tables
    where schemaname ilike 'public_marts'
    union all
    select
      'steven' as database,
      viewname as name,
      schemaname as schema,
      'view' as type
    from pg_views
    where schemaname ilike 'public_marts'
    union all
    select
      'steven' as database,
      matviewname as name,
      schemaname as schema,
      'materialized_view' as type
    from pg_matviews
    where schemaname ilike 'public_marts'
  
[0m01:53:55.106233 [debug] [ThreadPool]: Opening a new connection, currently in state closed
[0m01:53:55.160286 [debug] [ThreadPool]: SQL status: SELECT 0 in 0.058 seconds
[0m01:53:55.164619 [debug] [ThreadPool]: On list_steven_public_staging: ROLLBACK
[0m01:53:55.166065 [debug] [ThreadPool]: SQL status: SELECT 0 in 0.060 seconds
[0m01:53:55.170536 [debug] [ThreadPool]: On list_steven_public_marts: ROLLBACK
[0m01:53:55.171876 [debug] [ThreadPool]: On list_steven_public_staging: Close
[0m01:53:55.174417 [debug] [ThreadPool]: On list_steven_public_marts: Close
[0m01:53:55.193829 [debug] [MainThread]: Using postgres connection "master"
[0m01:53:55.195383 [debug] [MainThread]: On master: /* {"app": "dbt", "dbt_version": "1.11.2", "profile_name": "yelp_analytics", "target_name": "dev", "connection_name": "master"} */
select distinct
        dependent_namespace.nspname as dependent_schema,
        dependent_class.relname as dependent_name,
        referenced_namespace.nspname as referenced_schema,
        referenced_class.relname as referenced_name

    -- Query for views: views are entries in pg_class with an entry in pg_rewrite, but we avoid
    -- a seq scan on pg_rewrite by leveraging the fact there is an "internal" row in pg_depend for
    -- the view...
    from pg_class as dependent_class
    join pg_namespace as dependent_namespace on dependent_namespace.oid = dependent_class.relnamespace
    join pg_depend as dependent_depend on dependent_depend.refobjid = dependent_class.oid
        and dependent_depend.classid = 'pg_rewrite'::regclass
        and dependent_depend.refclassid = 'pg_class'::regclass
        and dependent_depend.deptype = 'i'

    -- ... and via pg_depend (that has a row per column, hence the need for "distinct" above, and
    -- making sure to exclude the internal row to avoid a view appearing to depend on itself)...
    join pg_depend as joining_depend on joining_depend.objid = dependent_depend.objid
        and joining_depend.classid = 'pg_rewrite'::regclass
        and joining_depend.refclassid = 'pg_class'::regclass
        and joining_depend.refobjid != dependent_depend.refobjid

    -- ... we can find the tables they query from in pg_class, but excluding system tables. Note we
    -- don't need need to exclude _dependent_ system tables, because they only query from other
    -- system tables, and so are automatically excluded by excluding _referenced_ system tables
    join pg_class as referenced_class on referenced_class.oid = joining_depend.refobjid
    join pg_namespace as referenced_namespace on referenced_namespace.oid = referenced_class.relnamespace
        and referenced_namespace.nspname != 'information_schema'
        and referenced_namespace.nspname not like 'pg\_%'

    order by
        dependent_schema, dependent_name, referenced_schema, referenced_name;
[0m01:53:55.196850 [debug] [MainThread]: Opening a new connection, currently in state init
[0m01:53:55.251791 [debug] [MainThread]: SQL status: SELECT 0 in 0.055 seconds
[0m01:53:55.255630 [debug] [MainThread]: Sending event: {'category': 'dbt', 'action': 'runnable_timing', 'label': '1ece60c5-9896-4d16-9179-5daf7289de77', 'context': [<snowplow_tracker.self_describing_json.SelfDescribingJson object at 0xffff8cb9a750>]}
[0m01:53:55.257309 [debug] [MainThread]: On master: ROLLBACK
[0m01:53:55.259162 [debug] [MainThread]: On master: COMMIT
[0m01:53:55.260607 [debug] [MainThread]: Using postgres connection "master"
[0m01:53:55.261875 [debug] [MainThread]: On master: COMMIT
[0m01:53:55.264021 [debug] [MainThread]: SQL status: COMMIT in 0.001 seconds
[0m01:53:55.284941 [debug] [MainThread]: Writing injected SQL for node "operation.yelp_analytics.yelp_analytics-on-run-start-0"
[0m01:53:55.306008 [info ] [MainThread]: 1 of 1 START hook: yelp_analytics.on-run-start.0 ............................... [RUN]
[0m01:53:55.308164 [debug] [MainThread]: Using postgres connection "master"
[0m01:53:55.309715 [debug] [MainThread]: On master: /* {"app": "dbt", "dbt_version": "1.11.2", "profile_name": "yelp_analytics", "target_name": "dev", "connection_name": "master"} */
SET timezone TO 'UTC'
[0m01:53:55.312670 [debug] [MainThread]: SQL status: SET in 0.001 seconds
[0m01:53:55.316753 [info ] [MainThread]: 1 of 1 OK hook: yelp_analytics.on-run-start.0 .................................. [[32mOK[0m in 0.05s]
[0m01:53:55.318354 [info ] [MainThread]: 
[0m01:53:55.319986 [debug] [MainThread]: On master: Close
[0m01:53:55.333679 [debug] [Thread-2 (]: Began running node model.yelp_analytics.stg_checkins
[0m01:53:55.335855 [debug] [Thread-3 (]: Began running node model.yelp_analytics.stg_reviews
[0m01:53:55.337893 [debug] [Thread-1 (]: Began running node model.yelp_analytics.stg_businesses
[0m01:53:55.342266 [debug] [Thread-4 (]: Began running node model.yelp_analytics.stg_tips
[0m01:53:55.340190 [info ] [Thread-2 (]: 2 of 9 START sql view model public_staging.stg_checkins ........................ [RUN]
[0m01:53:55.345251 [info ] [Thread-3 (]: 3 of 9 START sql view model public_staging.stg_reviews ......................... [RUN]
[0m01:53:55.347713 [info ] [Thread-1 (]: 1 of 9 START sql view model public_staging.stg_businesses ...................... [RUN]
[0m01:53:55.350428 [info ] [Thread-4 (]: 4 of 9 START sql view model public_staging.stg_tips ............................ [RUN]
[0m01:53:55.352957 [debug] [Thread-2 (]: Re-using an available connection from the pool (formerly list_steven_public_staging, now model.yelp_analytics.stg_checkins)
[0m01:53:55.358894 [debug] [Thread-3 (]: Acquiring new postgres connection 'model.yelp_analytics.stg_reviews'
[0m01:53:55.360763 [debug] [Thread-1 (]: Re-using an available connection from the pool (formerly list_steven_public_marts, now model.yelp_analytics.stg_businesses)
[0m01:53:55.362968 [debug] [Thread-4 (]: Acquiring new postgres connection 'model.yelp_analytics.stg_tips'
[0m01:53:55.364836 [debug] [Thread-2 (]: Began compiling node model.yelp_analytics.stg_checkins
[0m01:53:55.366979 [debug] [Thread-3 (]: Began compiling node model.yelp_analytics.stg_reviews
[0m01:53:55.368847 [debug] [Thread-1 (]: Began compiling node model.yelp_analytics.stg_businesses
[0m01:53:55.370564 [debug] [Thread-4 (]: Began compiling node model.yelp_analytics.stg_tips
[0m01:53:55.381209 [debug] [Thread-2 (]: Writing injected SQL for node "model.yelp_analytics.stg_checkins"
[0m01:53:55.391704 [debug] [Thread-3 (]: Writing injected SQL for node "model.yelp_analytics.stg_reviews"
[0m01:53:55.404335 [debug] [Thread-1 (]: Writing injected SQL for node "model.yelp_analytics.stg_businesses"
[0m01:53:55.414500 [debug] [Thread-4 (]: Writing injected SQL for node "model.yelp_analytics.stg_tips"
[0m01:53:55.417402 [debug] [Thread-3 (]: Began executing node model.yelp_analytics.stg_reviews
[0m01:53:55.419344 [debug] [Thread-2 (]: Began executing node model.yelp_analytics.stg_checkins
[0m01:53:55.522757 [debug] [Thread-1 (]: Began executing node model.yelp_analytics.stg_businesses
[0m01:53:55.629983 [debug] [Thread-4 (]: Began executing node model.yelp_analytics.stg_tips
[0m01:53:55.789544 [debug] [Thread-4 (]: Writing runtime sql for node "model.yelp_analytics.stg_tips"
[0m01:53:55.792366 [debug] [Thread-3 (]: Writing runtime sql for node "model.yelp_analytics.stg_reviews"
[0m01:53:55.809992 [debug] [Thread-1 (]: Writing runtime sql for node "model.yelp_analytics.stg_businesses"
[0m01:53:55.812065 [debug] [Thread-2 (]: Writing runtime sql for node "model.yelp_analytics.stg_checkins"
[0m01:53:55.815239 [debug] [Thread-4 (]: Using postgres connection "model.yelp_analytics.stg_tips"
[0m01:53:55.817009 [debug] [Thread-4 (]: On model.yelp_analytics.stg_tips: /* {"app": "dbt", "dbt_version": "1.11.2", "profile_name": "yelp_analytics", "target_name": "dev", "node_id": "model.yelp_analytics.stg_tips"} */

  create view "steven"."public_staging"."stg_tips__dbt_tmp"
    
    
  as (
    

-- Staging model for tips
-- Cleans tip data

with source as (
    select * from "yelp"."public"."tips"
),

cleaned as (
    select
        user_id,
        business_id,
        text as tip_text,
        date as tip_date,
        compliment_count,
        year as tip_year,
        
        -- Add computed fields
        length(text) as tip_length,
        
        current_timestamp as dbt_updated_at
        
    from source
)

select * from cleaned
  );
[0m01:53:55.818984 [debug] [Thread-4 (]: Opening a new connection, currently in state init
[0m01:53:55.821166 [debug] [Thread-3 (]: Using postgres connection "model.yelp_analytics.stg_reviews"
[0m01:53:55.823958 [debug] [Thread-3 (]: On model.yelp_analytics.stg_reviews: /* {"app": "dbt", "dbt_version": "1.11.2", "profile_name": "yelp_analytics", "target_name": "dev", "node_id": "model.yelp_analytics.stg_reviews"} */

  create view "steven"."public_staging"."stg_reviews__dbt_tmp"
    
    
  as (
    

-- Staging model for reviews
-- Cleans and enriches review data

with source as (
    select * from "yelp"."public"."reviews"
),

cleaned as (
    select
        review_id,
        user_id,
        business_id,
        stars,
        useful,
        funny,
        cool,
        text as review_text,
        date as review_date,
        year as review_year,
        month as review_month,
        
        -- Add computed fields
        useful + funny + cool as total_votes,
        
        -- Sentiment categorization based on stars
        case
            when stars >= 4 then 'positive'
            when stars = 3 then 'neutral'
            else 'negative'
        end as sentiment,
        
        -- Review text length
        length(text) as review_length,
        
        current_timestamp as dbt_updated_at
        
    from source
)

select * from cleaned
  );
[0m01:53:55.826609 [debug] [Thread-2 (]: Using postgres connection "model.yelp_analytics.stg_checkins"
[0m01:53:55.828537 [debug] [Thread-3 (]: Opening a new connection, currently in state init
[0m01:53:55.830706 [debug] [Thread-2 (]: On model.yelp_analytics.stg_checkins: /* {"app": "dbt", "dbt_version": "1.11.2", "profile_name": "yelp_analytics", "target_name": "dev", "node_id": "model.yelp_analytics.stg_checkins"} */

  create view "steven"."public_staging"."stg_checkins__dbt_tmp"
    
    
  as (
    

-- Staging model for checkins

with source as (
    select * from "yelp"."public"."checkins"
),

cleaned as (
    select
        business_id,
        date as checkin_date,
        
        current_timestamp as dbt_updated_at
        
    from source
)

select * from cleaned
  );
[0m01:53:55.832864 [debug] [Thread-1 (]: Using postgres connection "model.yelp_analytics.stg_businesses"
[0m01:53:55.835321 [debug] [Thread-2 (]: Opening a new connection, currently in state closed
[0m01:53:55.837551 [debug] [Thread-1 (]: On model.yelp_analytics.stg_businesses: /* {"app": "dbt", "dbt_version": "1.11.2", "profile_name": "yelp_analytics", "target_name": "dev", "node_id": "model.yelp_analytics.stg_businesses"} */

  create view "steven"."public_staging"."stg_businesses__dbt_tmp"
    
    
  as (
    

-- Staging model for businesses
-- Cleans and standardizes the raw business data

with source as (
    select * from "yelp"."public"."business"
),

cleaned as (
    select
        business_id,
        name as business_name,
        address,
        city,
        state,
        postal_code,
        latitude,
        longitude,
        stars,
        review_count,
        is_open,
        attributes,
        categories,
        hours,
        
        -- Add computed fields
        case 
            when is_open = 1 then true 
            else false 
        end as is_currently_open,
        
        -- Parse categories into array for easier filtering
        string_to_array(categories, ', ') as category_array,
        
        current_timestamp as dbt_updated_at
        
    from source
)

select * from cleaned
  );
[0m01:53:55.840900 [debug] [Thread-1 (]: Opening a new connection, currently in state closed
[0m01:53:55.869829 [debug] [Thread-4 (]: Postgres adapter: Postgres error: cross-database references are not implemented: "yelp.public.tips"
LINE 13:     select * from "yelp"."public"."tips"
                           ^

[0m01:53:55.871392 [debug] [Thread-4 (]: On model.yelp_analytics.stg_tips: ROLLBACK
[0m01:53:55.873859 [debug] [Thread-4 (]: On model.yelp_analytics.stg_tips: Close
[0m01:53:55.889867 [debug] [Thread-3 (]: Postgres adapter: Postgres error: cross-database references are not implemented: "yelp.public.reviews"
LINE 13:     select * from "yelp"."public"."reviews"
                           ^

[0m01:53:55.891667 [debug] [Thread-2 (]: Postgres adapter: Postgres error: cross-database references are not implemented: "yelp.public.checkins"
LINE 12:     select * from "yelp"."public"."checkins"
                           ^

[0m01:53:55.893193 [debug] [Thread-1 (]: Postgres adapter: Postgres error: cross-database references are not implemented: "yelp.public.business"
LINE 13:     select * from "yelp"."public"."business"
                           ^

[0m01:53:55.894583 [debug] [Thread-3 (]: On model.yelp_analytics.stg_reviews: ROLLBACK
[0m01:53:55.897001 [debug] [Thread-2 (]: On model.yelp_analytics.stg_checkins: ROLLBACK
[0m01:53:55.899401 [debug] [Thread-1 (]: On model.yelp_analytics.stg_businesses: ROLLBACK
[0m01:53:55.902972 [debug] [Thread-3 (]: On model.yelp_analytics.stg_reviews: Close
[0m01:53:55.905040 [debug] [Thread-2 (]: On model.yelp_analytics.stg_checkins: Close
[0m01:53:55.907859 [debug] [Thread-1 (]: On model.yelp_analytics.stg_businesses: Close
[0m01:53:55.936390 [debug] [Thread-4 (]: Database Error in model stg_tips (models/staging/stg_tips.sql)
  cross-database references are not implemented: "yelp.public.tips"
  LINE 13:     select * from "yelp"."public"."tips"
                             ^
  compiled code at target/run/yelp_analytics/models/staging/stg_tips.sql
[0m01:53:55.967429 [debug] [Thread-2 (]: Database Error in model stg_checkins (models/staging/stg_checkins.sql)
  cross-database references are not implemented: "yelp.public.checkins"
  LINE 12:     select * from "yelp"."public"."checkins"
                             ^
  compiled code at target/run/yelp_analytics/models/staging/stg_checkins.sql
[0m01:53:55.976298 [debug] [Thread-1 (]: Database Error in model stg_businesses (models/staging/stg_businesses.sql)
  cross-database references are not implemented: "yelp.public.business"
  LINE 13:     select * from "yelp"."public"."business"
                             ^
  compiled code at target/run/yelp_analytics/models/staging/stg_businesses.sql
[0m01:53:55.984232 [debug] [Thread-3 (]: Database Error in model stg_reviews (models/staging/stg_reviews.sql)
  cross-database references are not implemented: "yelp.public.reviews"
  LINE 13:     select * from "yelp"."public"."reviews"
                             ^
  compiled code at target/run/yelp_analytics/models/staging/stg_reviews.sql
[0m01:53:55.989015 [debug] [Thread-4 (]: Sending event: {'category': 'dbt', 'action': 'run_model', 'label': '1ece60c5-9896-4d16-9179-5daf7289de77', 'context': [<snowplow_tracker.self_describing_json.SelfDescribingJson object at 0xffff8de1c650>]}
[0m01:53:55.990775 [debug] [Thread-2 (]: Sending event: {'category': 'dbt', 'action': 'run_model', 'label': '1ece60c5-9896-4d16-9179-5daf7289de77', 'context': [<snowplow_tracker.self_describing_json.SelfDescribingJson object at 0xffff8cb054f0>]}
[0m01:53:55.992308 [debug] [Thread-1 (]: Sending event: {'category': 'dbt', 'action': 'run_model', 'label': '1ece60c5-9896-4d16-9179-5daf7289de77', 'context': [<snowplow_tracker.self_describing_json.SelfDescribingJson object at 0xffff8cb04ec0>]}
[0m01:53:55.994765 [error] [Thread-4 (]: 4 of 9 ERROR creating sql view model public_staging.stg_tips ................... [[31mERROR[0m in 0.58s]
[0m01:53:55.996701 [debug] [Thread-3 (]: Sending event: {'category': 'dbt', 'action': 'run_model', 'label': '1ece60c5-9896-4d16-9179-5daf7289de77', 'context': [<snowplow_tracker.self_describing_json.SelfDescribingJson object at 0xffff90419770>]}
[0m01:53:55.999547 [error] [Thread-2 (]: 2 of 9 ERROR creating sql view model public_staging.stg_checkins ............... [[31mERROR[0m in 0.63s]
[0m01:53:56.003007 [error] [Thread-1 (]: 1 of 9 ERROR creating sql view model public_staging.stg_businesses ............. [[31mERROR[0m in 0.63s]
[0m01:53:56.006609 [debug] [Thread-4 (]: Finished running node model.yelp_analytics.stg_tips
[0m01:53:56.009018 [error] [Thread-3 (]: 3 of 9 ERROR creating sql view model public_staging.stg_reviews ................ [[31mERROR[0m in 0.63s]
[0m01:53:56.011981 [debug] [Thread-2 (]: Finished running node model.yelp_analytics.stg_checkins
[0m01:53:56.014688 [debug] [Thread-1 (]: Finished running node model.yelp_analytics.stg_businesses
[0m01:53:56.016718 [debug] [Thread-4 (]: Began running node model.yelp_analytics.stg_users
[0m01:53:56.019557 [debug] [Thread-7 (]: Marking all children of 'model.yelp_analytics.stg_tips' to be skipped because of status 'error'.  Reason: Database Error in model stg_tips (models/staging/stg_tips.sql)
  cross-database references are not implemented: "yelp.public.tips"
  LINE 13:     select * from "yelp"."public"."tips"
                             ^
  compiled code at target/run/yelp_analytics/models/staging/stg_tips.sql.
[0m01:53:56.022925 [debug] [Thread-3 (]: Finished running node model.yelp_analytics.stg_reviews
[0m01:53:56.027140 [info ] [Thread-4 (]: 5 of 9 START sql view model public_staging.stg_users ........................... [RUN]
[0m01:53:56.034361 [debug] [Thread-7 (]: Marking all children of 'model.yelp_analytics.stg_checkins' to be skipped because of status 'error'.  Reason: Database Error in model stg_checkins (models/staging/stg_checkins.sql)
  cross-database references are not implemented: "yelp.public.checkins"
  LINE 12:     select * from "yelp"."public"."checkins"
                             ^
  compiled code at target/run/yelp_analytics/models/staging/stg_checkins.sql.
[0m01:53:56.037145 [debug] [Thread-4 (]: Re-using an available connection from the pool (formerly model.yelp_analytics.stg_tips, now model.yelp_analytics.stg_users)
[0m01:53:56.039660 [debug] [Thread-7 (]: Marking all children of 'model.yelp_analytics.stg_businesses' to be skipped because of status 'error'.  Reason: Database Error in model stg_businesses (models/staging/stg_businesses.sql)
  cross-database references are not implemented: "yelp.public.business"
  LINE 13:     select * from "yelp"."public"."business"
                             ^
  compiled code at target/run/yelp_analytics/models/staging/stg_businesses.sql.
[0m01:53:56.041382 [debug] [Thread-4 (]: Began compiling node model.yelp_analytics.stg_users
[0m01:53:56.043703 [debug] [Thread-7 (]: Marking all children of 'model.yelp_analytics.stg_reviews' to be skipped because of status 'error'.  Reason: Database Error in model stg_reviews (models/staging/stg_reviews.sql)
  cross-database references are not implemented: "yelp.public.reviews"
  LINE 13:     select * from "yelp"."public"."reviews"
                             ^
  compiled code at target/run/yelp_analytics/models/staging/stg_reviews.sql.
[0m01:53:56.057579 [debug] [Thread-4 (]: Writing injected SQL for node "model.yelp_analytics.stg_users"
[0m01:53:56.060770 [debug] [Thread-2 (]: Began running node model.yelp_analytics.business_analytics
[0m01:53:56.062944 [info ] [Thread-2 (]: 6 of 9 SKIP relation public_marts.business_analytics ........................... [[33mSKIP[0m]
[0m01:53:56.065405 [debug] [Thread-1 (]: Began running node model.yelp_analytics.review_trends
[0m01:53:56.067268 [debug] [Thread-2 (]: Finished running node model.yelp_analytics.business_analytics
[0m01:53:56.068918 [debug] [Thread-4 (]: Began executing node model.yelp_analytics.stg_users
[0m01:53:56.070878 [info ] [Thread-1 (]: 7 of 9 SKIP relation public_marts.review_trends ................................ [[33mSKIP[0m]
[0m01:53:56.073976 [debug] [Thread-3 (]: Began running node model.yelp_analytics.category_analytics
[0m01:53:56.086531 [debug] [Thread-1 (]: Finished running node model.yelp_analytics.review_trends
[0m01:53:56.092606 [debug] [Thread-4 (]: Writing runtime sql for node "model.yelp_analytics.stg_users"
[0m01:53:56.094647 [info ] [Thread-3 (]: 8 of 9 SKIP relation public_marts.category_analytics ........................... [[33mSKIP[0m]
[0m01:53:56.098135 [debug] [Thread-3 (]: Finished running node model.yelp_analytics.category_analytics
[0m01:53:56.100631 [debug] [Thread-4 (]: Using postgres connection "model.yelp_analytics.stg_users"
[0m01:53:56.102804 [debug] [Thread-4 (]: On model.yelp_analytics.stg_users: /* {"app": "dbt", "dbt_version": "1.11.2", "profile_name": "yelp_analytics", "target_name": "dev", "node_id": "model.yelp_analytics.stg_users"} */

  create view "steven"."public_staging"."stg_users__dbt_tmp"
    
    
  as (
    

-- Staging model for users
-- Cleans and standardizes user data

with source as (
    select * from "yelp"."public"."yelp_users"
),

cleaned as (
    select
        user_id,
        name as user_name,
        review_count,
        yelping_since,
        friends,
        useful,
        funny,
        cool,
        fans,
        elite,
        average_stars,
        compliment_hot,
        compliment_more,
        compliment_profile,
        compliment_cute,
        compliment_list,
        compliment_note,
        compliment_plain,
        compliment_cool,
        compliment_funny,
        compliment_writer,
        compliment_photos,
        
        -- Add computed fields
        useful + funny + cool as total_votes_received,
        
        compliment_hot + compliment_more + compliment_profile + 
        compliment_cute + compliment_list + compliment_note + 
        compliment_plain + compliment_cool + compliment_funny + 
        compliment_writer + compliment_photos as total_compliments,
        
        -- Calculate tenure
        extract(year from age(current_date, yelping_since::date)) as years_yelping,
        
        -- Elite status
        case when elite is not null and elite != '' then true else false end as is_elite,
        
        current_timestamp as dbt_updated_at
        
    from source
)

select * from cleaned
  );
[0m01:53:56.104943 [debug] [Thread-4 (]: Opening a new connection, currently in state closed
[0m01:53:56.148138 [debug] [Thread-4 (]: Postgres adapter: Postgres error: cross-database references are not implemented: "yelp.public.yelp_users"
LINE 13:     select * from "yelp"."public"."yelp_users"
                           ^

[0m01:53:56.149743 [debug] [Thread-4 (]: On model.yelp_analytics.stg_users: ROLLBACK
[0m01:53:56.152065 [debug] [Thread-4 (]: On model.yelp_analytics.stg_users: Close
[0m01:53:56.168740 [debug] [Thread-4 (]: Database Error in model stg_users (models/staging/stg_users.sql)
  cross-database references are not implemented: "yelp.public.yelp_users"
  LINE 13:     select * from "yelp"."public"."yelp_users"
                             ^
  compiled code at target/run/yelp_analytics/models/staging/stg_users.sql
[0m01:53:56.170486 [debug] [Thread-4 (]: Sending event: {'category': 'dbt', 'action': 'run_model', 'label': '1ece60c5-9896-4d16-9179-5daf7289de77', 'context': [<snowplow_tracker.self_describing_json.SelfDescribingJson object at 0xffff8c1d2b30>]}
[0m01:53:56.172730 [error] [Thread-4 (]: 5 of 9 ERROR creating sql view model public_staging.stg_users .................. [[31mERROR[0m in 0.13s]
[0m01:53:56.175268 [debug] [Thread-4 (]: Finished running node model.yelp_analytics.stg_users
[0m01:53:56.177216 [debug] [Thread-7 (]: Marking all children of 'model.yelp_analytics.stg_users' to be skipped because of status 'error'.  Reason: Database Error in model stg_users (models/staging/stg_users.sql)
  cross-database references are not implemented: "yelp.public.yelp_users"
  LINE 13:     select * from "yelp"."public"."yelp_users"
                             ^
  compiled code at target/run/yelp_analytics/models/staging/stg_users.sql.
[0m01:53:56.179879 [debug] [Thread-2 (]: Began running node model.yelp_analytics.user_insights
[0m01:53:56.181906 [info ] [Thread-2 (]: 9 of 9 SKIP relation public_marts.user_insights ................................ [[33mSKIP[0m]
[0m01:53:56.184370 [debug] [Thread-2 (]: Finished running node model.yelp_analytics.user_insights
[0m01:53:56.189626 [debug] [MainThread]: On master: COMMIT
[0m01:53:56.191550 [debug] [MainThread]: Using postgres connection "master"
[0m01:53:56.193123 [debug] [MainThread]: On master: COMMIT
[0m01:53:56.194510 [debug] [MainThread]: Opening a new connection, currently in state closed
[0m01:53:56.237700 [debug] [MainThread]: SQL status: COMMIT in 0.043 seconds
[0m01:53:56.239050 [debug] [MainThread]: On master: Close
[0m01:53:56.240944 [debug] [MainThread]: Connection 'master' was properly closed.
[0m01:53:56.242510 [debug] [MainThread]: Connection 'model.yelp_analytics.stg_checkins' was properly closed.
[0m01:53:56.243959 [debug] [MainThread]: Connection 'model.yelp_analytics.stg_businesses' was properly closed.
[0m01:53:56.246038 [debug] [MainThread]: Connection 'model.yelp_analytics.stg_reviews' was properly closed.
[0m01:53:56.247799 [debug] [MainThread]: Connection 'model.yelp_analytics.stg_users' was properly closed.
[0m01:53:56.249870 [info ] [MainThread]: 
[0m01:53:56.251979 [info ] [MainThread]: Finished running 1 project hook, 4 table models, 5 view models in 0 hours 0 minutes and 1.82 seconds (1.82s).
[0m01:53:56.258575 [debug] [MainThread]: Command end result
[0m01:53:56.389487 [debug] [MainThread]: Wrote artifact WritableManifest to /home/steven/fastapi-yelp-postgres/dbt/target/manifest.json
[0m01:53:56.399197 [debug] [MainThread]: Wrote artifact SemanticManifest to /home/steven/fastapi-yelp-postgres/dbt/target/semantic_manifest.json
[0m01:53:56.422464 [debug] [MainThread]: Wrote artifact RunExecutionResult to /home/steven/fastapi-yelp-postgres/dbt/target/run_results.json
[0m01:53:56.423707 [info ] [MainThread]: 
[0m01:53:56.425209 [info ] [MainThread]: [31mCompleted with 5 errors, 0 partial successes, and 0 warnings:[0m
[0m01:53:56.426612 [info ] [MainThread]: 
[0m01:53:56.428326 [error] [MainThread]: [31mFailure in model stg_tips (models/staging/stg_tips.sql)[0m
[0m01:53:56.430035 [error] [MainThread]:   Database Error in model stg_tips (models/staging/stg_tips.sql)
  cross-database references are not implemented: "yelp.public.tips"
  LINE 13:     select * from "yelp"."public"."tips"
                             ^
  compiled code at target/run/yelp_analytics/models/staging/stg_tips.sql
[0m01:53:56.431979 [info ] [MainThread]: 
[0m01:53:56.433645 [info ] [MainThread]:   compiled code at target/compiled/yelp_analytics/models/staging/stg_tips.sql
[0m01:53:56.435049 [info ] [MainThread]: 
[0m01:53:56.436827 [error] [MainThread]: [31mFailure in model stg_checkins (models/staging/stg_checkins.sql)[0m
[0m01:53:56.438790 [error] [MainThread]:   Database Error in model stg_checkins (models/staging/stg_checkins.sql)
  cross-database references are not implemented: "yelp.public.checkins"
  LINE 12:     select * from "yelp"."public"."checkins"
                             ^
  compiled code at target/run/yelp_analytics/models/staging/stg_checkins.sql
[0m01:53:56.440569 [info ] [MainThread]: 
[0m01:53:56.442261 [info ] [MainThread]:   compiled code at target/compiled/yelp_analytics/models/staging/stg_checkins.sql
[0m01:53:56.443677 [info ] [MainThread]: 
[0m01:53:56.446120 [error] [MainThread]: [31mFailure in model stg_businesses (models/staging/stg_businesses.sql)[0m
[0m01:53:56.448040 [error] [MainThread]:   Database Error in model stg_businesses (models/staging/stg_businesses.sql)
  cross-database references are not implemented: "yelp.public.business"
  LINE 13:     select * from "yelp"."public"."business"
                             ^
  compiled code at target/run/yelp_analytics/models/staging/stg_businesses.sql
[0m01:53:56.449452 [info ] [MainThread]: 
[0m01:53:56.451170 [info ] [MainThread]:   compiled code at target/compiled/yelp_analytics/models/staging/stg_businesses.sql
[0m01:53:56.453236 [info ] [MainThread]: 
[0m01:53:56.455263 [error] [MainThread]: [31mFailure in model stg_reviews (models/staging/stg_reviews.sql)[0m
[0m01:53:56.457166 [error] [MainThread]:   Database Error in model stg_reviews (models/staging/stg_reviews.sql)
  cross-database references are not implemented: "yelp.public.reviews"
  LINE 13:     select * from "yelp"."public"."reviews"
                             ^
  compiled code at target/run/yelp_analytics/models/staging/stg_reviews.sql
[0m01:53:56.458745 [info ] [MainThread]: 
[0m01:53:56.460631 [info ] [MainThread]:   compiled code at target/compiled/yelp_analytics/models/staging/stg_reviews.sql
[0m01:53:56.462349 [info ] [MainThread]: 
[0m01:53:56.464361 [error] [MainThread]: [31mFailure in model stg_users (models/staging/stg_users.sql)[0m
[0m01:53:56.466405 [error] [MainThread]:   Database Error in model stg_users (models/staging/stg_users.sql)
  cross-database references are not implemented: "yelp.public.yelp_users"
  LINE 13:     select * from "yelp"."public"."yelp_users"
                             ^
  compiled code at target/run/yelp_analytics/models/staging/stg_users.sql
[0m01:53:56.468134 [info ] [MainThread]: 
[0m01:53:56.469998 [info ] [MainThread]:   compiled code at target/compiled/yelp_analytics/models/staging/stg_users.sql
[0m01:53:56.471741 [info ] [MainThread]: 
[0m01:53:56.473844 [info ] [MainThread]: Done. PASS=1 WARN=0 ERROR=5 SKIP=4 NO-OP=0 TOTAL=10
[0m01:53:56.477540 [debug] [MainThread]: Resource report: {"command_name": "run", "command_success": false, "command_wall_clock_time": 5.3514385, "process_in_blocks": "200", "process_kernel_time": 1.675473, "process_mem_max_rss": "128460", "process_out_blocks": "2632", "process_user_time": 9.74984}
[0m01:53:56.479420 [debug] [MainThread]: Command `dbt run` failed at 01:53:56.478878 after 5.35 seconds
[0m01:53:56.481138 [debug] [MainThread]: Sending event: {'category': 'dbt', 'action': 'invocation', 'label': 'end', 'context': [<snowplow_tracker.self_describing_json.SelfDescribingJson object at 0xffff8dff3170>, <snowplow_tracker.self_describing_json.SelfDescribingJson object at 0xffff90271670>, <snowplow_tracker.self_describing_json.SelfDescribingJson object at 0xffff8c1fbe30>]}
[0m01:53:56.482982 [debug] [MainThread]: Flushing usage events
[0m01:53:56.816839 [debug] [MainThread]: An error was encountered while trying to flush usage events
[0m01:54:41.405567 [debug] [MainThread]: Sending event: {'category': 'dbt', 'action': 'invocation', 'label': 'start', 'context': [<snowplow_tracker.self_describing_json.SelfDescribingJson object at 0xffff938f6a50>, <snowplow_tracker.self_describing_json.SelfDescribingJson object at 0xffff928ebd90>, <snowplow_tracker.self_describing_json.SelfDescribingJson object at 0xffff928eb9d0>]}


============================== 01:54:41.420038 | a324f185-745f-4b31-b6ee-3a12d5dfb056 ==============================
[0m01:54:41.420038 [info ] [MainThread]: Running with dbt=1.11.2
[0m01:54:41.422240 [debug] [MainThread]: running dbt with arguments {'introspect': 'True', 'fail_fast': 'False', 'log_format': 'default', 'use_experimental_parser': 'False', 'send_anonymous_usage_stats': 'True', 'warn_error_options': 'WarnErrorOptionsV2(error=[], warn=[], silence=[])', 'partial_parse': 'True', 'profiles_dir': '/home/steven/fastapi-yelp-postgres/dbt', 'no_print': 'None', 'static_parser': 'True', 'indirect_selection': 'eager', 'debug': 'False', 'printer_width': '80', 'empty': 'None', 'version_check': 'True', 'log_cache_events': 'False', 'write_json': 'True', 'log_path': '/home/steven/fastapi-yelp-postgres/dbt/logs', 'target_path': 'None', 'use_colors': 'True', 'cache_selected_only': 'False', 'warn_error': 'None', 'quiet': 'False', 'invocation_command': 'dbt debug'}
[0m01:54:41.457521 [info ] [MainThread]: dbt version: 1.11.2
[0m01:54:41.458945 [info ] [MainThread]: python version: 3.13.9
[0m01:54:41.460344 [info ] [MainThread]: python path: /home/steven/fastapi-yelp-postgres/.venv/bin/python3
[0m01:54:41.461681 [info ] [MainThread]: os info: Linux-6.8.0-1043-raspi-aarch64-with-glibc2.39
[0m01:54:41.690282 [info ] [MainThread]: Using profiles dir at /home/steven/fastapi-yelp-postgres/dbt
[0m01:54:41.692130 [info ] [MainThread]: Using profiles.yml file at /home/steven/fastapi-yelp-postgres/dbt/profiles.yml
[0m01:54:41.693926 [info ] [MainThread]: Using dbt_project.yml file at /home/steven/fastapi-yelp-postgres/dbt/dbt_project.yml
[0m01:54:41.696454 [info ] [MainThread]: adapter type: postgres
[0m01:54:41.698382 [info ] [MainThread]: adapter version: 1.10.0
[0m01:54:42.272706 [info ] [MainThread]: Configuration:
[0m01:54:42.274267 [info ] [MainThread]:   profiles.yml file [[32mOK found and valid[0m]
[0m01:54:42.275751 [info ] [MainThread]:   dbt_project.yml file [[32mOK found and valid[0m]
[0m01:54:42.277126 [info ] [MainThread]: Required dependencies:
[0m01:54:42.278605 [debug] [MainThread]: Executing "git --help"
[0m01:54:42.289039 [debug] [MainThread]: STDOUT: "b"usage: git [-v | --version] [-h | --help] [-C <path>] [-c <name>=<value>]\n           [--exec-path[=<path>]] [--html-path] [--man-path] [--info-path]\n           [-p | --paginate | -P | --no-pager] [--no-replace-objects] [--bare]\n           [--git-dir=<path>] [--work-tree=<path>] [--namespace=<name>]\n           [--config-env=<name>=<envvar>] <command> [<args>]\n\nThese are common Git commands used in various situations:\n\nstart a working area (see also: git help tutorial)\n   clone     Clone a repository into a new directory\n   init      Create an empty Git repository or reinitialize an existing one\n\nwork on the current change (see also: git help everyday)\n   add       Add file contents to the index\n   mv        Move or rename a file, a directory, or a symlink\n   restore   Restore working tree files\n   rm        Remove files from the working tree and from the index\n\nexamine the history and state (see also: git help revisions)\n   bisect    Use binary search to find the commit that introduced a bug\n   diff      Show changes between commits, commit and working tree, etc\n   grep      Print lines matching a pattern\n   log       Show commit logs\n   show      Show various types of objects\n   status    Show the working tree status\n\ngrow, mark and tweak your common history\n   branch    List, create, or delete branches\n   commit    Record changes to the repository\n   merge     Join two or more development histories together\n   rebase    Reapply commits on top of another base tip\n   reset     Reset current HEAD to the specified state\n   switch    Switch branches\n   tag       Create, list, delete or verify a tag object signed with GPG\n\ncollaborate (see also: git help workflows)\n   fetch     Download objects and refs from another repository\n   pull      Fetch from and integrate with another repository or a local branch\n   push      Update remote refs along with associated objects\n\n'git help -a' and 'git help -g' list available subcommands and some\nconcept guides. See 'git help <command>' or 'git help <concept>'\nto read about a specific subcommand or concept.\nSee 'git help git' for an overview of the system.\n""
[0m01:54:42.291000 [debug] [MainThread]: STDERR: "b''"
[0m01:54:42.292702 [info ] [MainThread]:  - git [[32mOK found[0m]

[0m01:54:42.294384 [info ] [MainThread]: Connection:
[0m01:54:42.296369 [info ] [MainThread]:   host: 192.168.0.9
[0m01:54:42.298394 [info ] [MainThread]:   port: 5433
[0m01:54:42.300243 [info ] [MainThread]:   user: steven
[0m01:54:42.301878 [info ] [MainThread]:   database: steven
[0m01:54:42.303423 [info ] [MainThread]:   schema: public
[0m01:54:42.304929 [info ] [MainThread]:   connect_timeout: 10
[0m01:54:42.306645 [info ] [MainThread]:   role: None
[0m01:54:42.308261 [info ] [MainThread]:   search_path: None
[0m01:54:42.309667 [info ] [MainThread]:   keepalives_idle: 0
[0m01:54:42.311231 [info ] [MainThread]:   sslmode: None
[0m01:54:42.312895 [info ] [MainThread]:   sslcert: None
[0m01:54:42.314251 [info ] [MainThread]:   sslkey: None
[0m01:54:42.315611 [info ] [MainThread]:   sslrootcert: None
[0m01:54:42.317417 [info ] [MainThread]:   application_name: dbt
[0m01:54:42.319258 [info ] [MainThread]:   retries: 1
[0m01:54:42.321304 [info ] [MainThread]: Registered adapter: postgres=1.10.0
[0m01:54:42.738460 [debug] [MainThread]: Acquiring new postgres connection 'debug'
[0m01:54:42.854431 [debug] [MainThread]: Using postgres connection "debug"
[0m01:54:42.855707 [debug] [MainThread]: On debug: select 1 as id
[0m01:54:42.856880 [debug] [MainThread]: Opening a new connection, currently in state init
[0m01:54:42.905470 [debug] [MainThread]: SQL status: SELECT 1 in 0.048 seconds
[0m01:54:42.909824 [debug] [MainThread]: On debug: Close
[0m01:54:42.911933 [info ] [MainThread]:   Connection test: [[32mOK connection ok[0m]

[0m01:54:42.914300 [info ] [MainThread]: [32mAll checks passed![0m
[0m01:54:42.918029 [debug] [MainThread]: Resource report: {"command_name": "debug", "command_success": true, "command_wall_clock_time": 1.827894, "process_in_blocks": "0", "process_kernel_time": 1.483231, "process_mem_max_rss": "117744", "process_out_blocks": "16", "process_user_time": 6.302241}
[0m01:54:42.920496 [debug] [MainThread]: Command `dbt debug` succeeded at 01:54:42.919757 after 1.83 seconds
[0m01:54:42.922284 [debug] [MainThread]: Connection 'debug' was properly closed.
[0m01:54:42.923743 [debug] [MainThread]: Sending event: {'category': 'dbt', 'action': 'invocation', 'label': 'end', 'context': [<snowplow_tracker.self_describing_json.SelfDescribingJson object at 0xffff912d83e0>, <snowplow_tracker.self_describing_json.SelfDescribingJson object at 0xffff9158c830>, <snowplow_tracker.self_describing_json.SelfDescribingJson object at 0xffff91635590>]}
[0m01:54:42.925411 [debug] [MainThread]: Flushing usage events
[0m01:54:43.106551 [debug] [MainThread]: An error was encountered while trying to flush usage events
[0m01:55:24.595207 [debug] [MainThread]: Sending event: {'category': 'dbt', 'action': 'invocation', 'label': 'start', 'context': [<snowplow_tracker.self_describing_json.SelfDescribingJson object at 0xffff8129aa50>, <snowplow_tracker.self_describing_json.SelfDescribingJson object at 0xffff8029fd90>, <snowplow_tracker.self_describing_json.SelfDescribingJson object at 0xffff8029f9d0>]}


============================== 01:55:24.608572 | c504a22c-66d6-42b5-b28d-125d56b365f3 ==============================
[0m01:55:24.608572 [info ] [MainThread]: Running with dbt=1.11.2
[0m01:55:24.611200 [debug] [MainThread]: running dbt with arguments {'empty': 'False', 'indirect_selection': 'eager', 'log_cache_events': 'False', 'log_path': '/home/steven/fastapi-yelp-postgres/dbt/logs', 'profiles_dir': '/home/steven/fastapi-yelp-postgres/dbt', 'use_colors': 'True', 'invocation_command': 'dbt run', 'cache_selected_only': 'False', 'log_format': 'default', 'static_parser': 'True', 'target_path': 'None', 'use_experimental_parser': 'False', 'introspect': 'True', 'debug': 'False', 'warn_error_options': 'WarnErrorOptionsV2(error=[], warn=[], silence=[])', 'fail_fast': 'False', 'no_print': 'None', 'warn_error': 'None', 'write_json': 'True', 'version_check': 'True', 'partial_parse': 'True', 'quiet': 'False', 'send_anonymous_usage_stats': 'True', 'printer_width': '80'}
[0m01:55:25.385065 [debug] [MainThread]: Sending event: {'category': 'dbt', 'action': 'project_id', 'label': 'c504a22c-66d6-42b5-b28d-125d56b365f3', 'context': [<snowplow_tracker.self_describing_json.SelfDescribingJson object at 0xffff80fb5480>]}
[0m01:55:25.734740 [debug] [MainThread]: Sending event: {'category': 'dbt', 'action': 'adapter_info', 'label': 'c504a22c-66d6-42b5-b28d-125d56b365f3', 'context': [<snowplow_tracker.self_describing_json.SelfDescribingJson object at 0xffff825e5d00>]}
[0m01:55:25.737333 [info ] [MainThread]: Registered adapter: postgres=1.10.0
[0m01:55:26.238306 [debug] [MainThread]: checksum: 3d40d8bbe1bef07db1c24822f2dbfff8bc07f2a48ed4fe2658a40653aec0b54b, vars: {}, profile: , target: , version: 1.11.2
[0m01:55:27.003446 [debug] [MainThread]: Partial parsing enabled: 0 files deleted, 0 files added, 0 files changed.
[0m01:55:27.004737 [debug] [MainThread]: Nothing changed, skipping partial parsing.
[0m01:55:27.005967 [debug] [MainThread]: Partial parsing enabled, no changes found, skipping parsing
[0m01:55:27.025871 [warn ] [MainThread]: [[33mWARNING[0m]: Configuration paths exist in your dbt_project.yml file which do not apply to any resources.
There are 1 unused configuration paths:
- models.yelp_analytics.intermediate
[0m01:55:27.240943 [debug] [MainThread]: Sending event: {'category': 'dbt', 'action': 'load_project', 'label': 'c504a22c-66d6-42b5-b28d-125d56b365f3', 'context': [<snowplow_tracker.self_describing_json.SelfDescribingJson object at 0xffff80355750>]}
[0m01:55:27.695532 [debug] [MainThread]: Wrote artifact WritableManifest to /home/steven/fastapi-yelp-postgres/dbt/target/manifest.json
[0m01:55:27.705332 [debug] [MainThread]: Wrote artifact SemanticManifest to /home/steven/fastapi-yelp-postgres/dbt/target/semantic_manifest.json
[0m01:55:27.776295 [debug] [MainThread]: Sending event: {'category': 'dbt', 'action': 'resource_counts', 'label': 'c504a22c-66d6-42b5-b28d-125d56b365f3', 'context': [<snowplow_tracker.self_describing_json.SelfDescribingJson object at 0xffff80392c60>]}
[0m01:55:27.778308 [info ] [MainThread]: Found 9 models, 34 data tests, 1 operation, 5 sources, 465 macros
[0m01:55:27.780242 [debug] [MainThread]: Sending event: {'category': 'dbt', 'action': 'runnable_timing', 'label': 'c504a22c-66d6-42b5-b28d-125d56b365f3', 'context': [<snowplow_tracker.self_describing_json.SelfDescribingJson object at 0xffff7ed03930>]}
[0m01:55:27.791408 [info ] [MainThread]: 
[0m01:55:27.793213 [info ] [MainThread]: Concurrency: 4 threads (target='dev')
[0m01:55:27.794904 [info ] [MainThread]: 
[0m01:55:27.797397 [debug] [MainThread]: Acquiring new postgres connection 'master'
[0m01:55:27.814953 [debug] [ThreadPool]: Acquiring new postgres connection 'list_steven'
[0m01:55:27.822899 [debug] [ThreadPool]: Acquiring new postgres connection 'list_steven'
[0m01:55:28.220973 [debug] [ThreadPool]: Using postgres connection "list_steven"
[0m01:55:28.223061 [debug] [ThreadPool]: Using postgres connection "list_steven"
[0m01:55:28.225015 [debug] [ThreadPool]: On list_steven: /* {"app": "dbt", "dbt_version": "1.11.2", "profile_name": "yelp_analytics", "target_name": "dev", "connection_name": "list_steven"} */

    select distinct nspname from pg_namespace
  
[0m01:55:28.227317 [debug] [ThreadPool]: On list_steven: /* {"app": "dbt", "dbt_version": "1.11.2", "profile_name": "yelp_analytics", "target_name": "dev", "connection_name": "list_steven"} */

    select distinct nspname from pg_namespace
  
[0m01:55:28.229318 [debug] [ThreadPool]: Opening a new connection, currently in state init
[0m01:55:28.231010 [debug] [ThreadPool]: Opening a new connection, currently in state init
[0m01:55:28.285482 [debug] [ThreadPool]: SQL status: SELECT 6 in 0.056 seconds
[0m01:55:28.287100 [debug] [ThreadPool]: SQL status: SELECT 6 in 0.056 seconds
[0m01:55:28.292662 [debug] [ThreadPool]: On list_steven: Close
[0m01:55:28.297860 [debug] [ThreadPool]: On list_steven: Close
[0m01:55:28.308272 [debug] [ThreadPool]: Re-using an available connection from the pool (formerly list_steven, now list_steven_public_marts)
[0m01:55:28.316190 [debug] [ThreadPool]: Re-using an available connection from the pool (formerly list_steven, now list_steven_public_staging)
[0m01:55:28.343709 [debug] [ThreadPool]: Using postgres connection "list_steven_public_marts"
[0m01:55:28.350695 [debug] [ThreadPool]: On list_steven_public_marts: /* {"app": "dbt", "dbt_version": "1.11.2", "profile_name": "yelp_analytics", "target_name": "dev", "connection_name": "list_steven_public_marts"} */
select
      'steven' as database,
      tablename as name,
      schemaname as schema,
      'table' as type
    from pg_tables
    where schemaname ilike 'public_marts'
    union all
    select
      'steven' as database,
      viewname as name,
      schemaname as schema,
      'view' as type
    from pg_views
    where schemaname ilike 'public_marts'
    union all
    select
      'steven' as database,
      matviewname as name,
      schemaname as schema,
      'materialized_view' as type
    from pg_matviews
    where schemaname ilike 'public_marts'
  
[0m01:55:28.352785 [debug] [ThreadPool]: Using postgres connection "list_steven_public_staging"
[0m01:55:28.354141 [debug] [ThreadPool]: Opening a new connection, currently in state closed
[0m01:55:28.355573 [debug] [ThreadPool]: On list_steven_public_staging: /* {"app": "dbt", "dbt_version": "1.11.2", "profile_name": "yelp_analytics", "target_name": "dev", "connection_name": "list_steven_public_staging"} */
select
      'steven' as database,
      tablename as name,
      schemaname as schema,
      'table' as type
    from pg_tables
    where schemaname ilike 'public_staging'
    union all
    select
      'steven' as database,
      viewname as name,
      schemaname as schema,
      'view' as type
    from pg_views
    where schemaname ilike 'public_staging'
    union all
    select
      'steven' as database,
      matviewname as name,
      schemaname as schema,
      'materialized_view' as type
    from pg_matviews
    where schemaname ilike 'public_staging'
  
[0m01:55:28.360399 [debug] [ThreadPool]: Opening a new connection, currently in state closed
[0m01:55:28.416945 [debug] [ThreadPool]: SQL status: SELECT 0 in 0.063 seconds
[0m01:55:28.421390 [debug] [ThreadPool]: On list_steven_public_marts: ROLLBACK
[0m01:55:28.422678 [debug] [ThreadPool]: SQL status: SELECT 0 in 0.062 seconds
[0m01:55:28.427004 [debug] [ThreadPool]: On list_steven_public_staging: ROLLBACK
[0m01:55:28.428386 [debug] [ThreadPool]: On list_steven_public_marts: Close
[0m01:55:28.430905 [debug] [ThreadPool]: On list_steven_public_staging: Close
[0m01:55:28.450791 [debug] [MainThread]: Using postgres connection "master"
[0m01:55:28.452557 [debug] [MainThread]: On master: /* {"app": "dbt", "dbt_version": "1.11.2", "profile_name": "yelp_analytics", "target_name": "dev", "connection_name": "master"} */
select distinct
        dependent_namespace.nspname as dependent_schema,
        dependent_class.relname as dependent_name,
        referenced_namespace.nspname as referenced_schema,
        referenced_class.relname as referenced_name

    -- Query for views: views are entries in pg_class with an entry in pg_rewrite, but we avoid
    -- a seq scan on pg_rewrite by leveraging the fact there is an "internal" row in pg_depend for
    -- the view...
    from pg_class as dependent_class
    join pg_namespace as dependent_namespace on dependent_namespace.oid = dependent_class.relnamespace
    join pg_depend as dependent_depend on dependent_depend.refobjid = dependent_class.oid
        and dependent_depend.classid = 'pg_rewrite'::regclass
        and dependent_depend.refclassid = 'pg_class'::regclass
        and dependent_depend.deptype = 'i'

    -- ... and via pg_depend (that has a row per column, hence the need for "distinct" above, and
    -- making sure to exclude the internal row to avoid a view appearing to depend on itself)...
    join pg_depend as joining_depend on joining_depend.objid = dependent_depend.objid
        and joining_depend.classid = 'pg_rewrite'::regclass
        and joining_depend.refclassid = 'pg_class'::regclass
        and joining_depend.refobjid != dependent_depend.refobjid

    -- ... we can find the tables they query from in pg_class, but excluding system tables. Note we
    -- don't need need to exclude _dependent_ system tables, because they only query from other
    -- system tables, and so are automatically excluded by excluding _referenced_ system tables
    join pg_class as referenced_class on referenced_class.oid = joining_depend.refobjid
    join pg_namespace as referenced_namespace on referenced_namespace.oid = referenced_class.relnamespace
        and referenced_namespace.nspname != 'information_schema'
        and referenced_namespace.nspname not like 'pg\_%'

    order by
        dependent_schema, dependent_name, referenced_schema, referenced_name;
[0m01:55:28.454527 [debug] [MainThread]: Opening a new connection, currently in state init
[0m01:55:28.510046 [debug] [MainThread]: SQL status: SELECT 0 in 0.055 seconds
[0m01:55:28.513855 [debug] [MainThread]: Sending event: {'category': 'dbt', 'action': 'runnable_timing', 'label': 'c504a22c-66d6-42b5-b28d-125d56b365f3', 'context': [<snowplow_tracker.self_describing_json.SelfDescribingJson object at 0xffff7d8f2680>]}
[0m01:55:28.515601 [debug] [MainThread]: On master: ROLLBACK
[0m01:55:28.517467 [debug] [MainThread]: On master: COMMIT
[0m01:55:28.518801 [debug] [MainThread]: Using postgres connection "master"
[0m01:55:28.520316 [debug] [MainThread]: On master: COMMIT
[0m01:55:28.522618 [debug] [MainThread]: SQL status: COMMIT in 0.001 seconds
[0m01:55:28.544361 [debug] [MainThread]: Writing injected SQL for node "operation.yelp_analytics.yelp_analytics-on-run-start-0"
[0m01:55:28.563579 [info ] [MainThread]: 1 of 1 START hook: yelp_analytics.on-run-start.0 ............................... [RUN]
[0m01:55:28.565529 [debug] [MainThread]: Using postgres connection "master"
[0m01:55:28.567051 [debug] [MainThread]: On master: /* {"app": "dbt", "dbt_version": "1.11.2", "profile_name": "yelp_analytics", "target_name": "dev", "connection_name": "master"} */
SET timezone TO 'UTC'
[0m01:55:28.569825 [debug] [MainThread]: SQL status: SET in 0.001 seconds
[0m01:55:28.573769 [info ] [MainThread]: 1 of 1 OK hook: yelp_analytics.on-run-start.0 .................................. [[32mOK[0m in 0.05s]
[0m01:55:28.575263 [info ] [MainThread]: 
[0m01:55:28.576774 [debug] [MainThread]: On master: Close
[0m01:55:28.592187 [debug] [Thread-4 (]: Began running node model.yelp_analytics.stg_tips
[0m01:55:28.594331 [debug] [Thread-2 (]: Began running node model.yelp_analytics.stg_checkins
[0m01:55:28.596247 [debug] [Thread-3 (]: Began running node model.yelp_analytics.stg_reviews
[0m01:55:28.598243 [debug] [Thread-1 (]: Began running node model.yelp_analytics.stg_businesses
[0m01:55:28.600499 [info ] [Thread-4 (]: 4 of 9 START sql view model public_staging.stg_tips ............................ [RUN]
[0m01:55:28.603190 [info ] [Thread-2 (]: 2 of 9 START sql view model public_staging.stg_checkins ........................ [RUN]
[0m01:55:28.605837 [info ] [Thread-3 (]: 3 of 9 START sql view model public_staging.stg_reviews ......................... [RUN]
[0m01:55:28.608625 [info ] [Thread-1 (]: 1 of 9 START sql view model public_staging.stg_businesses ...................... [RUN]
[0m01:55:28.611804 [debug] [Thread-4 (]: Acquiring new postgres connection 'model.yelp_analytics.stg_tips'
[0m01:55:28.614883 [debug] [Thread-2 (]: Re-using an available connection from the pool (formerly list_steven_public_marts, now model.yelp_analytics.stg_checkins)
[0m01:55:28.617789 [debug] [Thread-3 (]: Acquiring new postgres connection 'model.yelp_analytics.stg_reviews'
[0m01:55:28.619952 [debug] [Thread-1 (]: Re-using an available connection from the pool (formerly list_steven_public_staging, now model.yelp_analytics.stg_businesses)
[0m01:55:28.622034 [debug] [Thread-4 (]: Began compiling node model.yelp_analytics.stg_tips
[0m01:55:28.624130 [debug] [Thread-2 (]: Began compiling node model.yelp_analytics.stg_checkins
[0m01:55:28.626386 [debug] [Thread-3 (]: Began compiling node model.yelp_analytics.stg_reviews
[0m01:55:28.628613 [debug] [Thread-1 (]: Began compiling node model.yelp_analytics.stg_businesses
[0m01:55:28.649609 [debug] [Thread-2 (]: Writing injected SQL for node "model.yelp_analytics.stg_checkins"
[0m01:55:28.651746 [debug] [Thread-4 (]: Writing injected SQL for node "model.yelp_analytics.stg_tips"
[0m01:55:28.675863 [debug] [Thread-3 (]: Writing injected SQL for node "model.yelp_analytics.stg_reviews"
[0m01:55:28.677246 [debug] [Thread-1 (]: Writing injected SQL for node "model.yelp_analytics.stg_businesses"
[0m01:55:28.681439 [debug] [Thread-4 (]: Began executing node model.yelp_analytics.stg_tips
[0m01:55:28.683565 [debug] [Thread-3 (]: Began executing node model.yelp_analytics.stg_reviews
[0m01:55:28.685389 [debug] [Thread-2 (]: Began executing node model.yelp_analytics.stg_checkins
[0m01:55:28.759888 [debug] [Thread-1 (]: Began executing node model.yelp_analytics.stg_businesses
[0m01:55:29.005011 [debug] [Thread-4 (]: Writing runtime sql for node "model.yelp_analytics.stg_tips"
[0m01:55:29.009804 [debug] [Thread-1 (]: Writing runtime sql for node "model.yelp_analytics.stg_businesses"
[0m01:55:29.015468 [debug] [Thread-2 (]: Writing runtime sql for node "model.yelp_analytics.stg_checkins"
[0m01:55:29.026901 [debug] [Thread-3 (]: Writing runtime sql for node "model.yelp_analytics.stg_reviews"
[0m01:55:29.029927 [debug] [Thread-4 (]: Using postgres connection "model.yelp_analytics.stg_tips"
[0m01:55:29.036019 [debug] [Thread-4 (]: On model.yelp_analytics.stg_tips: /* {"app": "dbt", "dbt_version": "1.11.2", "profile_name": "yelp_analytics", "target_name": "dev", "node_id": "model.yelp_analytics.stg_tips"} */

  create view "steven"."public_staging"."stg_tips__dbt_tmp"
    
    
  as (
    

-- Staging model for tips
-- Cleans tip data

with source as (
    select * from "yelp"."public"."tips"
),

cleaned as (
    select
        user_id,
        business_id,
        text as tip_text,
        date as tip_date,
        compliment_count,
        year as tip_year,
        
        -- Add computed fields
        length(text) as tip_length,
        
        current_timestamp as dbt_updated_at
        
    from source
)

select * from cleaned
  );
[0m01:55:29.033970 [debug] [Thread-2 (]: Using postgres connection "model.yelp_analytics.stg_checkins"
[0m01:55:29.032276 [debug] [Thread-1 (]: Using postgres connection "model.yelp_analytics.stg_businesses"
[0m01:55:29.037824 [debug] [Thread-4 (]: Opening a new connection, currently in state init
[0m01:55:29.039769 [debug] [Thread-2 (]: On model.yelp_analytics.stg_checkins: /* {"app": "dbt", "dbt_version": "1.11.2", "profile_name": "yelp_analytics", "target_name": "dev", "node_id": "model.yelp_analytics.stg_checkins"} */

  create view "steven"."public_staging"."stg_checkins__dbt_tmp"
    
    
  as (
    

-- Staging model for checkins

with source as (
    select * from "yelp"."public"."checkins"
),

cleaned as (
    select
        business_id,
        date as checkin_date,
        
        current_timestamp as dbt_updated_at
        
    from source
)

select * from cleaned
  );
[0m01:55:29.041676 [debug] [Thread-3 (]: Using postgres connection "model.yelp_analytics.stg_reviews"
[0m01:55:29.043345 [debug] [Thread-1 (]: On model.yelp_analytics.stg_businesses: /* {"app": "dbt", "dbt_version": "1.11.2", "profile_name": "yelp_analytics", "target_name": "dev", "node_id": "model.yelp_analytics.stg_businesses"} */

  create view "steven"."public_staging"."stg_businesses__dbt_tmp"
    
    
  as (
    

-- Staging model for businesses
-- Cleans and standardizes the raw business data

with source as (
    select * from "yelp"."public"."business"
),

cleaned as (
    select
        business_id,
        name as business_name,
        address,
        city,
        state,
        postal_code,
        latitude,
        longitude,
        stars,
        review_count,
        is_open,
        attributes,
        categories,
        hours,
        
        -- Add computed fields
        case 
            when is_open = 1 then true 
            else false 
        end as is_currently_open,
        
        -- Parse categories into array for easier filtering
        string_to_array(categories, ', ') as category_array,
        
        current_timestamp as dbt_updated_at
        
    from source
)

select * from cleaned
  );
[0m01:55:29.047855 [debug] [Thread-3 (]: On model.yelp_analytics.stg_reviews: /* {"app": "dbt", "dbt_version": "1.11.2", "profile_name": "yelp_analytics", "target_name": "dev", "node_id": "model.yelp_analytics.stg_reviews"} */

  create view "steven"."public_staging"."stg_reviews__dbt_tmp"
    
    
  as (
    

-- Staging model for reviews
-- Cleans and enriches review data

with source as (
    select * from "yelp"."public"."reviews"
),

cleaned as (
    select
        review_id,
        user_id,
        business_id,
        stars,
        useful,
        funny,
        cool,
        text as review_text,
        date as review_date,
        year as review_year,
        month as review_month,
        
        -- Add computed fields
        useful + funny + cool as total_votes,
        
        -- Sentiment categorization based on stars
        case
            when stars >= 4 then 'positive'
            when stars = 3 then 'neutral'
            else 'negative'
        end as sentiment,
        
        -- Review text length
        length(text) as review_length,
        
        current_timestamp as dbt_updated_at
        
    from source
)

select * from cleaned
  );
[0m01:55:29.045589 [debug] [Thread-2 (]: Opening a new connection, currently in state closed
[0m01:55:29.050021 [debug] [Thread-1 (]: Opening a new connection, currently in state closed
[0m01:55:29.052211 [debug] [Thread-3 (]: Opening a new connection, currently in state init
[0m01:55:29.105193 [debug] [Thread-4 (]: Postgres adapter: Postgres error: cross-database references are not implemented: "yelp.public.tips"
LINE 13:     select * from "yelp"."public"."tips"
                           ^

[0m01:55:29.108286 [debug] [Thread-4 (]: On model.yelp_analytics.stg_tips: ROLLBACK
[0m01:55:29.112376 [debug] [Thread-2 (]: Postgres adapter: Postgres error: cross-database references are not implemented: "yelp.public.checkins"
LINE 12:     select * from "yelp"."public"."checkins"
                           ^

[0m01:55:29.116312 [debug] [Thread-2 (]: On model.yelp_analytics.stg_checkins: ROLLBACK
[0m01:55:29.119295 [debug] [Thread-4 (]: On model.yelp_analytics.stg_tips: Close
[0m01:55:29.125659 [debug] [Thread-2 (]: On model.yelp_analytics.stg_checkins: Close
[0m01:55:29.128803 [debug] [Thread-1 (]: Postgres adapter: Postgres error: cross-database references are not implemented: "yelp.public.business"
LINE 13:     select * from "yelp"."public"."business"
                           ^

[0m01:55:29.132720 [debug] [Thread-3 (]: Postgres adapter: Postgres error: cross-database references are not implemented: "yelp.public.reviews"
LINE 13:     select * from "yelp"."public"."reviews"
                           ^

[0m01:55:29.135397 [debug] [Thread-1 (]: On model.yelp_analytics.stg_businesses: ROLLBACK
[0m01:55:29.140641 [debug] [Thread-3 (]: On model.yelp_analytics.stg_reviews: ROLLBACK
[0m01:55:29.145843 [debug] [Thread-1 (]: On model.yelp_analytics.stg_businesses: Close
[0m01:55:29.150148 [debug] [Thread-3 (]: On model.yelp_analytics.stg_reviews: Close
[0m01:55:29.208586 [debug] [Thread-4 (]: Database Error in model stg_tips (models/staging/stg_tips.sql)
  cross-database references are not implemented: "yelp.public.tips"
  LINE 13:     select * from "yelp"."public"."tips"
                             ^
  compiled code at target/run/yelp_analytics/models/staging/stg_tips.sql
[0m01:55:29.216154 [debug] [Thread-2 (]: Database Error in model stg_checkins (models/staging/stg_checkins.sql)
  cross-database references are not implemented: "yelp.public.checkins"
  LINE 12:     select * from "yelp"."public"."checkins"
                             ^
  compiled code at target/run/yelp_analytics/models/staging/stg_checkins.sql
[0m01:55:29.220012 [debug] [Thread-3 (]: Database Error in model stg_reviews (models/staging/stg_reviews.sql)
  cross-database references are not implemented: "yelp.public.reviews"
  LINE 13:     select * from "yelp"."public"."reviews"
                             ^
  compiled code at target/run/yelp_analytics/models/staging/stg_reviews.sql
[0m01:55:29.227853 [debug] [Thread-1 (]: Database Error in model stg_businesses (models/staging/stg_businesses.sql)
  cross-database references are not implemented: "yelp.public.business"
  LINE 13:     select * from "yelp"."public"."business"
                             ^
  compiled code at target/run/yelp_analytics/models/staging/stg_businesses.sql
[0m01:55:29.231403 [debug] [Thread-4 (]: Sending event: {'category': 'dbt', 'action': 'run_model', 'label': 'c504a22c-66d6-42b5-b28d-125d56b365f3', 'context': [<snowplow_tracker.self_describing_json.SelfDescribingJson object at 0xffff8063b050>]}
[0m01:55:29.232762 [debug] [Thread-2 (]: Sending event: {'category': 'dbt', 'action': 'run_model', 'label': 'c504a22c-66d6-42b5-b28d-125d56b365f3', 'context': [<snowplow_tracker.self_describing_json.SelfDescribingJson object at 0xffff7d870940>]}
[0m01:55:29.234300 [debug] [Thread-3 (]: Sending event: {'category': 'dbt', 'action': 'run_model', 'label': 'c504a22c-66d6-42b5-b28d-125d56b365f3', 'context': [<snowplow_tracker.self_describing_json.SelfDescribingJson object at 0xffff7d8714f0>]}
[0m01:55:29.235968 [debug] [Thread-1 (]: Sending event: {'category': 'dbt', 'action': 'run_model', 'label': 'c504a22c-66d6-42b5-b28d-125d56b365f3', 'context': [<snowplow_tracker.self_describing_json.SelfDescribingJson object at 0xffff80289f90>]}
[0m01:55:29.238492 [error] [Thread-4 (]: 4 of 9 ERROR creating sql view model public_staging.stg_tips ................... [[31mERROR[0m in 0.61s]
[0m01:55:29.241276 [error] [Thread-2 (]: 2 of 9 ERROR creating sql view model public_staging.stg_checkins ............... [[31mERROR[0m in 0.62s]
[0m01:55:29.243923 [error] [Thread-3 (]: 3 of 9 ERROR creating sql view model public_staging.stg_reviews ................ [[31mERROR[0m in 0.61s]
[0m01:55:29.247204 [error] [Thread-1 (]: 1 of 9 ERROR creating sql view model public_staging.stg_businesses ............. [[31mERROR[0m in 0.62s]
[0m01:55:29.250311 [debug] [Thread-4 (]: Finished running node model.yelp_analytics.stg_tips
[0m01:55:29.252976 [debug] [Thread-2 (]: Finished running node model.yelp_analytics.stg_checkins
[0m01:55:29.255728 [debug] [Thread-3 (]: Finished running node model.yelp_analytics.stg_reviews
[0m01:55:29.258155 [debug] [Thread-1 (]: Finished running node model.yelp_analytics.stg_businesses
[0m01:55:29.259998 [debug] [Thread-4 (]: Began running node model.yelp_analytics.stg_users
[0m01:55:29.262284 [debug] [Thread-7 (]: Marking all children of 'model.yelp_analytics.stg_tips' to be skipped because of status 'error'.  Reason: Database Error in model stg_tips (models/staging/stg_tips.sql)
  cross-database references are not implemented: "yelp.public.tips"
  LINE 13:     select * from "yelp"."public"."tips"
                             ^
  compiled code at target/run/yelp_analytics/models/staging/stg_tips.sql.
[0m01:55:29.265439 [info ] [Thread-4 (]: 5 of 9 START sql view model public_staging.stg_users ........................... [RUN]
[0m01:55:29.273303 [debug] [Thread-4 (]: Re-using an available connection from the pool (formerly model.yelp_analytics.stg_tips, now model.yelp_analytics.stg_users)
[0m01:55:29.271492 [debug] [Thread-7 (]: Marking all children of 'model.yelp_analytics.stg_checkins' to be skipped because of status 'error'.  Reason: Database Error in model stg_checkins (models/staging/stg_checkins.sql)
  cross-database references are not implemented: "yelp.public.checkins"
  LINE 12:     select * from "yelp"."public"."checkins"
                             ^
  compiled code at target/run/yelp_analytics/models/staging/stg_checkins.sql.
[0m01:55:29.275972 [debug] [Thread-4 (]: Began compiling node model.yelp_analytics.stg_users
[0m01:55:29.279450 [debug] [Thread-7 (]: Marking all children of 'model.yelp_analytics.stg_reviews' to be skipped because of status 'error'.  Reason: Database Error in model stg_reviews (models/staging/stg_reviews.sql)
  cross-database references are not implemented: "yelp.public.reviews"
  LINE 13:     select * from "yelp"."public"."reviews"
                             ^
  compiled code at target/run/yelp_analytics/models/staging/stg_reviews.sql.
[0m01:55:29.294125 [debug] [Thread-7 (]: Marking all children of 'model.yelp_analytics.stg_businesses' to be skipped because of status 'error'.  Reason: Database Error in model stg_businesses (models/staging/stg_businesses.sql)
  cross-database references are not implemented: "yelp.public.business"
  LINE 13:     select * from "yelp"."public"."business"
                             ^
  compiled code at target/run/yelp_analytics/models/staging/stg_businesses.sql.
[0m01:55:29.296710 [debug] [Thread-4 (]: Writing injected SQL for node "model.yelp_analytics.stg_users"
[0m01:55:29.300671 [debug] [Thread-4 (]: Began executing node model.yelp_analytics.stg_users
[0m01:55:29.309957 [debug] [Thread-3 (]: Began running node model.yelp_analytics.review_trends
[0m01:55:29.312284 [debug] [Thread-2 (]: Began running node model.yelp_analytics.business_analytics
[0m01:55:29.323601 [debug] [Thread-4 (]: Writing runtime sql for node "model.yelp_analytics.stg_users"
[0m01:55:29.325190 [info ] [Thread-3 (]: 7 of 9 SKIP relation public_marts.review_trends ................................ [[33mSKIP[0m]
[0m01:55:29.327733 [info ] [Thread-2 (]: 6 of 9 SKIP relation public_marts.business_analytics ........................... [[33mSKIP[0m]
[0m01:55:29.330158 [debug] [Thread-3 (]: Finished running node model.yelp_analytics.review_trends
[0m01:55:29.331957 [debug] [Thread-2 (]: Finished running node model.yelp_analytics.business_analytics
[0m01:55:29.335779 [debug] [Thread-1 (]: Began running node model.yelp_analytics.category_analytics
[0m01:55:29.337931 [info ] [Thread-1 (]: 8 of 9 SKIP relation public_marts.category_analytics ........................... [[33mSKIP[0m]
[0m01:55:29.340325 [debug] [Thread-4 (]: Using postgres connection "model.yelp_analytics.stg_users"
[0m01:55:29.342344 [debug] [Thread-1 (]: Finished running node model.yelp_analytics.category_analytics
[0m01:55:29.344419 [debug] [Thread-4 (]: On model.yelp_analytics.stg_users: /* {"app": "dbt", "dbt_version": "1.11.2", "profile_name": "yelp_analytics", "target_name": "dev", "node_id": "model.yelp_analytics.stg_users"} */

  create view "steven"."public_staging"."stg_users__dbt_tmp"
    
    
  as (
    

-- Staging model for users
-- Cleans and standardizes user data

with source as (
    select * from "yelp"."public"."yelp_users"
),

cleaned as (
    select
        user_id,
        name as user_name,
        review_count,
        yelping_since,
        friends,
        useful,
        funny,
        cool,
        fans,
        elite,
        average_stars,
        compliment_hot,
        compliment_more,
        compliment_profile,
        compliment_cute,
        compliment_list,
        compliment_note,
        compliment_plain,
        compliment_cool,
        compliment_funny,
        compliment_writer,
        compliment_photos,
        
        -- Add computed fields
        useful + funny + cool as total_votes_received,
        
        compliment_hot + compliment_more + compliment_profile + 
        compliment_cute + compliment_list + compliment_note + 
        compliment_plain + compliment_cool + compliment_funny + 
        compliment_writer + compliment_photos as total_compliments,
        
        -- Calculate tenure
        extract(year from age(current_date, yelping_since::date)) as years_yelping,
        
        -- Elite status
        case when elite is not null and elite != '' then true else false end as is_elite,
        
        current_timestamp as dbt_updated_at
        
    from source
)

select * from cleaned
  );
[0m01:55:29.347295 [debug] [Thread-4 (]: Opening a new connection, currently in state closed
[0m01:55:29.390949 [debug] [Thread-4 (]: Postgres adapter: Postgres error: cross-database references are not implemented: "yelp.public.yelp_users"
LINE 13:     select * from "yelp"."public"."yelp_users"
                           ^

[0m01:55:29.392628 [debug] [Thread-4 (]: On model.yelp_analytics.stg_users: ROLLBACK
[0m01:55:29.395229 [debug] [Thread-4 (]: On model.yelp_analytics.stg_users: Close
[0m01:55:29.412082 [debug] [Thread-4 (]: Database Error in model stg_users (models/staging/stg_users.sql)
  cross-database references are not implemented: "yelp.public.yelp_users"
  LINE 13:     select * from "yelp"."public"."yelp_users"
                             ^
  compiled code at target/run/yelp_analytics/models/staging/stg_users.sql
[0m01:55:29.413893 [debug] [Thread-4 (]: Sending event: {'category': 'dbt', 'action': 'run_model', 'label': 'c504a22c-66d6-42b5-b28d-125d56b365f3', 'context': [<snowplow_tracker.self_describing_json.SelfDescribingJson object at 0xffff7d88e3c0>]}
[0m01:55:29.416130 [error] [Thread-4 (]: 5 of 9 ERROR creating sql view model public_staging.stg_users .................. [[31mERROR[0m in 0.14s]
[0m01:55:29.418475 [debug] [Thread-4 (]: Finished running node model.yelp_analytics.stg_users
[0m01:55:29.420398 [debug] [Thread-7 (]: Marking all children of 'model.yelp_analytics.stg_users' to be skipped because of status 'error'.  Reason: Database Error in model stg_users (models/staging/stg_users.sql)
  cross-database references are not implemented: "yelp.public.yelp_users"
  LINE 13:     select * from "yelp"."public"."yelp_users"
                             ^
  compiled code at target/run/yelp_analytics/models/staging/stg_users.sql.
[0m01:55:29.423000 [debug] [Thread-3 (]: Began running node model.yelp_analytics.user_insights
[0m01:55:29.425032 [info ] [Thread-3 (]: 9 of 9 SKIP relation public_marts.user_insights ................................ [[33mSKIP[0m]
[0m01:55:29.427432 [debug] [Thread-3 (]: Finished running node model.yelp_analytics.user_insights
[0m01:55:29.432546 [debug] [MainThread]: On master: COMMIT
[0m01:55:29.434282 [debug] [MainThread]: Using postgres connection "master"
[0m01:55:29.436033 [debug] [MainThread]: On master: COMMIT
[0m01:55:29.437291 [debug] [MainThread]: Opening a new connection, currently in state closed
[0m01:55:29.480194 [debug] [MainThread]: SQL status: COMMIT in 0.043 seconds
[0m01:55:29.481664 [debug] [MainThread]: On master: Close
[0m01:55:29.483748 [debug] [MainThread]: Connection 'master' was properly closed.
[0m01:55:29.485477 [debug] [MainThread]: Connection 'model.yelp_analytics.stg_checkins' was properly closed.
[0m01:55:29.487016 [debug] [MainThread]: Connection 'model.yelp_analytics.stg_businesses' was properly closed.
[0m01:55:29.489106 [debug] [MainThread]: Connection 'model.yelp_analytics.stg_users' was properly closed.
[0m01:55:29.490672 [debug] [MainThread]: Connection 'model.yelp_analytics.stg_reviews' was properly closed.
[0m01:55:29.492527 [info ] [MainThread]: 
[0m01:55:29.494119 [info ] [MainThread]: Finished running 1 project hook, 4 table models, 5 view models in 0 hours 0 minutes and 1.70 seconds (1.70s).
[0m01:55:29.501843 [debug] [MainThread]: Command end result
[0m01:55:29.636428 [debug] [MainThread]: Wrote artifact WritableManifest to /home/steven/fastapi-yelp-postgres/dbt/target/manifest.json
[0m01:55:29.646527 [debug] [MainThread]: Wrote artifact SemanticManifest to /home/steven/fastapi-yelp-postgres/dbt/target/semantic_manifest.json
[0m01:55:29.669869 [debug] [MainThread]: Wrote artifact RunExecutionResult to /home/steven/fastapi-yelp-postgres/dbt/target/run_results.json
[0m01:55:29.671212 [info ] [MainThread]: 
[0m01:55:29.672713 [info ] [MainThread]: [31mCompleted with 5 errors, 0 partial successes, and 0 warnings:[0m
[0m01:55:29.674165 [info ] [MainThread]: 
[0m01:55:29.675778 [error] [MainThread]: [31mFailure in model stg_tips (models/staging/stg_tips.sql)[0m
[0m01:55:29.677435 [error] [MainThread]:   Database Error in model stg_tips (models/staging/stg_tips.sql)
  cross-database references are not implemented: "yelp.public.tips"
  LINE 13:     select * from "yelp"."public"."tips"
                             ^
  compiled code at target/run/yelp_analytics/models/staging/stg_tips.sql
[0m01:55:29.679147 [info ] [MainThread]: 
[0m01:55:29.681019 [info ] [MainThread]:   compiled code at target/compiled/yelp_analytics/models/staging/stg_tips.sql
[0m01:55:29.682489 [info ] [MainThread]: 
[0m01:55:29.684319 [error] [MainThread]: [31mFailure in model stg_checkins (models/staging/stg_checkins.sql)[0m
[0m01:55:29.686400 [error] [MainThread]:   Database Error in model stg_checkins (models/staging/stg_checkins.sql)
  cross-database references are not implemented: "yelp.public.checkins"
  LINE 12:     select * from "yelp"."public"."checkins"
                             ^
  compiled code at target/run/yelp_analytics/models/staging/stg_checkins.sql
[0m01:55:29.687920 [info ] [MainThread]: 
[0m01:55:29.689746 [info ] [MainThread]:   compiled code at target/compiled/yelp_analytics/models/staging/stg_checkins.sql
[0m01:55:29.691449 [info ] [MainThread]: 
[0m01:55:29.693234 [error] [MainThread]: [31mFailure in model stg_reviews (models/staging/stg_reviews.sql)[0m
[0m01:55:29.694977 [error] [MainThread]:   Database Error in model stg_reviews (models/staging/stg_reviews.sql)
  cross-database references are not implemented: "yelp.public.reviews"
  LINE 13:     select * from "yelp"."public"."reviews"
                             ^
  compiled code at target/run/yelp_analytics/models/staging/stg_reviews.sql
[0m01:55:29.696662 [info ] [MainThread]: 
[0m01:55:29.698453 [info ] [MainThread]:   compiled code at target/compiled/yelp_analytics/models/staging/stg_reviews.sql
[0m01:55:29.699802 [info ] [MainThread]: 
[0m01:55:29.701510 [error] [MainThread]: [31mFailure in model stg_businesses (models/staging/stg_businesses.sql)[0m
[0m01:55:29.703689 [error] [MainThread]:   Database Error in model stg_businesses (models/staging/stg_businesses.sql)
  cross-database references are not implemented: "yelp.public.business"
  LINE 13:     select * from "yelp"."public"."business"
                             ^
  compiled code at target/run/yelp_analytics/models/staging/stg_businesses.sql
[0m01:55:29.705885 [info ] [MainThread]: 
[0m01:55:29.707797 [info ] [MainThread]:   compiled code at target/compiled/yelp_analytics/models/staging/stg_businesses.sql
[0m01:55:29.709713 [info ] [MainThread]: 
[0m01:55:29.712022 [error] [MainThread]: [31mFailure in model stg_users (models/staging/stg_users.sql)[0m
[0m01:55:29.714062 [error] [MainThread]:   Database Error in model stg_users (models/staging/stg_users.sql)
  cross-database references are not implemented: "yelp.public.yelp_users"
  LINE 13:     select * from "yelp"."public"."yelp_users"
                             ^
  compiled code at target/run/yelp_analytics/models/staging/stg_users.sql
[0m01:55:29.715722 [info ] [MainThread]: 
[0m01:55:29.717516 [info ] [MainThread]:   compiled code at target/compiled/yelp_analytics/models/staging/stg_users.sql
[0m01:55:29.718865 [info ] [MainThread]: 
[0m01:55:29.720727 [info ] [MainThread]: Done. PASS=1 WARN=0 ERROR=5 SKIP=4 NO-OP=0 TOTAL=10
[0m01:55:29.724334 [debug] [MainThread]: Resource report: {"command_name": "run", "command_success": false, "command_wall_clock_time": 5.4259076, "process_in_blocks": "0", "process_kernel_time": 1.634782, "process_mem_max_rss": "128960", "process_out_blocks": "2616", "process_user_time": 9.842605}
[0m01:55:29.726470 [debug] [MainThread]: Command `dbt run` failed at 01:55:29.725971 after 5.43 seconds
[0m01:55:29.728155 [debug] [MainThread]: Sending event: {'category': 'dbt', 'action': 'invocation', 'label': 'end', 'context': [<snowplow_tracker.self_describing_json.SelfDescribingJson object at 0xffff8050eb70>, <snowplow_tracker.self_describing_json.SelfDescribingJson object at 0xffff7c7537d0>, <snowplow_tracker.self_describing_json.SelfDescribingJson object at 0xffff7c753b30>]}
[0m01:55:29.729930 [debug] [MainThread]: Flushing usage events
[0m01:55:30.078182 [debug] [MainThread]: An error was encountered while trying to flush usage events
[0m01:55:54.757734 [debug] [MainThread]: Sending event: {'category': 'dbt', 'action': 'invocation', 'label': 'start', 'context': [<snowplow_tracker.self_describing_json.SelfDescribingJson object at 0xffff81faaa50>, <snowplow_tracker.self_describing_json.SelfDescribingJson object at 0xffff80fafd90>, <snowplow_tracker.self_describing_json.SelfDescribingJson object at 0xffff80faf9d0>]}


============================== 01:55:54.771578 | 55d7ee99-f4ed-42fa-bd35-af5648e19510 ==============================
[0m01:55:54.771578 [info ] [MainThread]: Running with dbt=1.11.2
[0m01:55:54.774151 [debug] [MainThread]: running dbt with arguments {'static_parser': 'True', 'partial_parse': 'True', 'use_colors': 'True', 'log_format': 'default', 'use_experimental_parser': 'False', 'indirect_selection': 'eager', 'log_cache_events': 'False', 'empty': 'False', 'log_path': '/home/steven/fastapi-yelp-postgres/dbt/logs', 'quiet': 'False', 'fail_fast': 'False', 'cache_selected_only': 'False', 'invocation_command': 'dbt run', 'debug': 'False', 'version_check': 'True', 'no_print': 'None', 'profiles_dir': '/home/steven/fastapi-yelp-postgres/dbt', 'warn_error_options': 'WarnErrorOptionsV2(error=[], warn=[], silence=[])', 'printer_width': '80', 'target_path': 'None', 'warn_error': 'None', 'send_anonymous_usage_stats': 'True', 'introspect': 'True', 'write_json': 'True'}
[0m01:55:55.544472 [debug] [MainThread]: Sending event: {'category': 'dbt', 'action': 'project_id', 'label': '55d7ee99-f4ed-42fa-bd35-af5648e19510', 'context': [<snowplow_tracker.self_describing_json.SelfDescribingJson object at 0xffff81cc5480>]}
[0m01:55:55.872741 [debug] [MainThread]: Sending event: {'category': 'dbt', 'action': 'adapter_info', 'label': '55d7ee99-f4ed-42fa-bd35-af5648e19510', 'context': [<snowplow_tracker.self_describing_json.SelfDescribingJson object at 0xffff832f5d00>]}
[0m01:55:55.875339 [info ] [MainThread]: Registered adapter: postgres=1.10.0
[0m01:55:56.326763 [debug] [MainThread]: checksum: 3d40d8bbe1bef07db1c24822f2dbfff8bc07f2a48ed4fe2658a40653aec0b54b, vars: {}, profile: , target: , version: 1.11.2
[0m01:55:56.905339 [debug] [MainThread]: Partial parsing enabled: 0 files deleted, 0 files added, 1 files changed.
[0m01:55:56.911258 [debug] [MainThread]: Partial parsing: updated file: yelp_analytics://models/staging/schema.yml
[0m01:55:59.462494 [warn ] [MainThread]: [[33mWARNING[0m][MissingArgumentsPropertyInGenericTestDeprecation]: Deprecated
functionality
Found top-level arguments to test `accepted_values` defined on 'stg_businesses'
in package 'yelp_analytics' (models/staging/schema.yml). Arguments to generic
tests should be nested under the `arguments` property.
[0m01:55:59.464259 [debug] [MainThread]: Sending event: {'category': 'dbt', 'action': 'deprecation', 'label': '55d7ee99-f4ed-42fa-bd35-af5648e19510', 'property_': 'warn', 'context': [<snowplow_tracker.self_describing_json.SelfDescribingJson object at 0xffff81067d50>]}
[0m01:56:00.662494 [warn ] [MainThread]: [[33mWARNING[0m]: Configuration paths exist in your dbt_project.yml file which do not apply to any resources.
There are 1 unused configuration paths:
- models.yelp_analytics.intermediate
[0m01:56:00.703740 [debug] [MainThread]: Sending event: {'category': 'dbt', 'action': 'load_project', 'label': '55d7ee99-f4ed-42fa-bd35-af5648e19510', 'context': [<snowplow_tracker.self_describing_json.SelfDescribingJson object at 0xffff7f8aa990>]}
[0m01:56:01.139407 [debug] [MainThread]: Wrote artifact WritableManifest to /home/steven/fastapi-yelp-postgres/dbt/target/manifest.json
[0m01:56:01.152712 [debug] [MainThread]: Wrote artifact SemanticManifest to /home/steven/fastapi-yelp-postgres/dbt/target/semantic_manifest.json
[0m01:56:01.212888 [debug] [MainThread]: Sending event: {'category': 'dbt', 'action': 'resource_counts', 'label': '55d7ee99-f4ed-42fa-bd35-af5648e19510', 'context': [<snowplow_tracker.self_describing_json.SelfDescribingJson object at 0xffff7ecd42f0>]}
[0m01:56:01.214635 [info ] [MainThread]: Found 1 operation, 9 models, 34 data tests, 5 sources, 465 macros
[0m01:56:01.216173 [debug] [MainThread]: Sending event: {'category': 'dbt', 'action': 'runnable_timing', 'label': '55d7ee99-f4ed-42fa-bd35-af5648e19510', 'context': [<snowplow_tracker.self_describing_json.SelfDescribingJson object at 0xffff7ecf9d90>]}
[0m01:56:01.226387 [info ] [MainThread]: 
[0m01:56:01.227932 [info ] [MainThread]: Concurrency: 4 threads (target='dev')
[0m01:56:01.229322 [info ] [MainThread]: 
[0m01:56:01.231252 [debug] [MainThread]: Acquiring new postgres connection 'master'
[0m01:56:01.247042 [debug] [ThreadPool]: Acquiring new postgres connection 'list_steven'
[0m01:56:01.255018 [debug] [ThreadPool]: Acquiring new postgres connection 'list_steven'
[0m01:56:01.446306 [debug] [ThreadPool]: Using postgres connection "list_steven"
[0m01:56:01.447873 [debug] [ThreadPool]: Using postgres connection "list_steven"
[0m01:56:01.449324 [debug] [ThreadPool]: On list_steven: /* {"app": "dbt", "dbt_version": "1.11.2", "profile_name": "yelp_analytics", "target_name": "dev", "connection_name": "list_steven"} */

    select distinct nspname from pg_namespace
  
[0m01:56:01.450830 [debug] [ThreadPool]: On list_steven: /* {"app": "dbt", "dbt_version": "1.11.2", "profile_name": "yelp_analytics", "target_name": "dev", "connection_name": "list_steven"} */

    select distinct nspname from pg_namespace
  
[0m01:56:01.452282 [debug] [ThreadPool]: Opening a new connection, currently in state init
[0m01:56:01.453700 [debug] [ThreadPool]: Opening a new connection, currently in state init
[0m01:56:01.504523 [debug] [ThreadPool]: SQL status: SELECT 6 in 0.052 seconds
[0m01:56:01.506035 [debug] [ThreadPool]: SQL status: SELECT 6 in 0.052 seconds
[0m01:56:01.510783 [debug] [ThreadPool]: On list_steven: Close
[0m01:56:01.515362 [debug] [ThreadPool]: On list_steven: Close
[0m01:56:01.525756 [debug] [ThreadPool]: Re-using an available connection from the pool (formerly list_steven, now list_steven_public_staging)
[0m01:56:01.539528 [debug] [ThreadPool]: Re-using an available connection from the pool (formerly list_steven, now list_steven_public_marts)
[0m01:56:01.548285 [debug] [ThreadPool]: Using postgres connection "list_steven_public_staging"
[0m01:56:01.553987 [debug] [ThreadPool]: Using postgres connection "list_steven_public_marts"
[0m01:56:01.555764 [debug] [ThreadPool]: On list_steven_public_staging: /* {"app": "dbt", "dbt_version": "1.11.2", "profile_name": "yelp_analytics", "target_name": "dev", "connection_name": "list_steven_public_staging"} */
select
      'steven' as database,
      tablename as name,
      schemaname as schema,
      'table' as type
    from pg_tables
    where schemaname ilike 'public_staging'
    union all
    select
      'steven' as database,
      viewname as name,
      schemaname as schema,
      'view' as type
    from pg_views
    where schemaname ilike 'public_staging'
    union all
    select
      'steven' as database,
      matviewname as name,
      schemaname as schema,
      'materialized_view' as type
    from pg_matviews
    where schemaname ilike 'public_staging'
  
[0m01:56:01.557386 [debug] [ThreadPool]: On list_steven_public_marts: /* {"app": "dbt", "dbt_version": "1.11.2", "profile_name": "yelp_analytics", "target_name": "dev", "connection_name": "list_steven_public_marts"} */
select
      'steven' as database,
      tablename as name,
      schemaname as schema,
      'table' as type
    from pg_tables
    where schemaname ilike 'public_marts'
    union all
    select
      'steven' as database,
      viewname as name,
      schemaname as schema,
      'view' as type
    from pg_views
    where schemaname ilike 'public_marts'
    union all
    select
      'steven' as database,
      matviewname as name,
      schemaname as schema,
      'materialized_view' as type
    from pg_matviews
    where schemaname ilike 'public_marts'
  
[0m01:56:01.558855 [debug] [ThreadPool]: Opening a new connection, currently in state closed
[0m01:56:01.560296 [debug] [ThreadPool]: Opening a new connection, currently in state closed
[0m01:56:01.617367 [debug] [ThreadPool]: SQL status: SELECT 0 in 0.057 seconds
[0m01:56:01.618704 [debug] [ThreadPool]: SQL status: SELECT 0 in 0.060 seconds
[0m01:56:01.622755 [debug] [ThreadPool]: On list_steven_public_marts: ROLLBACK
[0m01:56:01.627205 [debug] [ThreadPool]: On list_steven_public_staging: ROLLBACK
[0m01:56:01.629752 [debug] [ThreadPool]: On list_steven_public_marts: Close
[0m01:56:01.631334 [debug] [ThreadPool]: On list_steven_public_staging: Close
[0m01:56:01.653648 [debug] [MainThread]: Using postgres connection "master"
[0m01:56:01.655301 [debug] [MainThread]: On master: /* {"app": "dbt", "dbt_version": "1.11.2", "profile_name": "yelp_analytics", "target_name": "dev", "connection_name": "master"} */
select distinct
        dependent_namespace.nspname as dependent_schema,
        dependent_class.relname as dependent_name,
        referenced_namespace.nspname as referenced_schema,
        referenced_class.relname as referenced_name

    -- Query for views: views are entries in pg_class with an entry in pg_rewrite, but we avoid
    -- a seq scan on pg_rewrite by leveraging the fact there is an "internal" row in pg_depend for
    -- the view...
    from pg_class as dependent_class
    join pg_namespace as dependent_namespace on dependent_namespace.oid = dependent_class.relnamespace
    join pg_depend as dependent_depend on dependent_depend.refobjid = dependent_class.oid
        and dependent_depend.classid = 'pg_rewrite'::regclass
        and dependent_depend.refclassid = 'pg_class'::regclass
        and dependent_depend.deptype = 'i'

    -- ... and via pg_depend (that has a row per column, hence the need for "distinct" above, and
    -- making sure to exclude the internal row to avoid a view appearing to depend on itself)...
    join pg_depend as joining_depend on joining_depend.objid = dependent_depend.objid
        and joining_depend.classid = 'pg_rewrite'::regclass
        and joining_depend.refclassid = 'pg_class'::regclass
        and joining_depend.refobjid != dependent_depend.refobjid

    -- ... we can find the tables they query from in pg_class, but excluding system tables. Note we
    -- don't need need to exclude _dependent_ system tables, because they only query from other
    -- system tables, and so are automatically excluded by excluding _referenced_ system tables
    join pg_class as referenced_class on referenced_class.oid = joining_depend.refobjid
    join pg_namespace as referenced_namespace on referenced_namespace.oid = referenced_class.relnamespace
        and referenced_namespace.nspname != 'information_schema'
        and referenced_namespace.nspname not like 'pg\_%'

    order by
        dependent_schema, dependent_name, referenced_schema, referenced_name;
[0m01:56:01.656812 [debug] [MainThread]: Opening a new connection, currently in state init
[0m01:56:01.713781 [debug] [MainThread]: SQL status: SELECT 0 in 0.057 seconds
[0m01:56:01.717861 [debug] [MainThread]: Sending event: {'category': 'dbt', 'action': 'runnable_timing', 'label': '55d7ee99-f4ed-42fa-bd35-af5648e19510', 'context': [<snowplow_tracker.self_describing_json.SelfDescribingJson object at 0xffff7ed9af90>]}
[0m01:56:01.719754 [debug] [MainThread]: On master: ROLLBACK
[0m01:56:01.721771 [debug] [MainThread]: On master: COMMIT
[0m01:56:01.723486 [debug] [MainThread]: Using postgres connection "master"
[0m01:56:01.724941 [debug] [MainThread]: On master: COMMIT
[0m01:56:01.727314 [debug] [MainThread]: SQL status: COMMIT in 0.001 seconds
[0m01:56:01.747590 [debug] [MainThread]: Writing injected SQL for node "operation.yelp_analytics.yelp_analytics-on-run-start-0"
[0m01:56:01.766339 [info ] [MainThread]: 1 of 1 START hook: yelp_analytics.on-run-start.0 ............................... [RUN]
[0m01:56:01.768310 [debug] [MainThread]: Using postgres connection "master"
[0m01:56:01.769747 [debug] [MainThread]: On master: /* {"app": "dbt", "dbt_version": "1.11.2", "profile_name": "yelp_analytics", "target_name": "dev", "connection_name": "master"} */
SET timezone TO 'UTC'
[0m01:56:01.772547 [debug] [MainThread]: SQL status: SET in 0.001 seconds
[0m01:56:01.776537 [info ] [MainThread]: 1 of 1 OK hook: yelp_analytics.on-run-start.0 .................................. [[32mOK[0m in 0.05s]
[0m01:56:01.777969 [info ] [MainThread]: 
[0m01:56:01.779549 [debug] [MainThread]: On master: Close
[0m01:56:01.791796 [debug] [Thread-4 (]: Began running node model.yelp_analytics.stg_tips
[0m01:56:01.793856 [debug] [Thread-2 (]: Began running node model.yelp_analytics.stg_checkins
[0m01:56:01.795984 [debug] [Thread-1 (]: Began running node model.yelp_analytics.stg_businesses
[0m01:56:01.797799 [debug] [Thread-3 (]: Began running node model.yelp_analytics.stg_reviews
[0m01:56:01.800300 [info ] [Thread-4 (]: 4 of 9 START sql view model public_staging.stg_tips ............................ [RUN]
[0m01:56:01.802778 [info ] [Thread-2 (]: 2 of 9 START sql view model public_staging.stg_checkins ........................ [RUN]
[0m01:56:01.806421 [info ] [Thread-1 (]: 1 of 9 START sql view model public_staging.stg_businesses ...................... [RUN]
[0m01:56:01.809609 [info ] [Thread-3 (]: 3 of 9 START sql view model public_staging.stg_reviews ......................... [RUN]
[0m01:56:01.812912 [debug] [Thread-4 (]: Acquiring new postgres connection 'model.yelp_analytics.stg_tips'
[0m01:56:01.815661 [debug] [Thread-2 (]: Re-using an available connection from the pool (formerly list_steven_public_staging, now model.yelp_analytics.stg_checkins)
[0m01:56:01.817874 [debug] [Thread-1 (]: Re-using an available connection from the pool (formerly list_steven_public_marts, now model.yelp_analytics.stg_businesses)
[0m01:56:01.820797 [debug] [Thread-3 (]: Acquiring new postgres connection 'model.yelp_analytics.stg_reviews'
[0m01:56:01.822995 [debug] [Thread-4 (]: Began compiling node model.yelp_analytics.stg_tips
[0m01:56:01.824970 [debug] [Thread-2 (]: Began compiling node model.yelp_analytics.stg_checkins
[0m01:56:01.827300 [debug] [Thread-1 (]: Began compiling node model.yelp_analytics.stg_businesses
[0m01:56:01.829603 [debug] [Thread-3 (]: Began compiling node model.yelp_analytics.stg_reviews
[0m01:56:01.849999 [debug] [Thread-4 (]: Writing injected SQL for node "model.yelp_analytics.stg_tips"
[0m01:56:01.855171 [debug] [Thread-2 (]: Writing injected SQL for node "model.yelp_analytics.stg_checkins"
[0m01:56:01.880634 [debug] [Thread-1 (]: Writing injected SQL for node "model.yelp_analytics.stg_businesses"
[0m01:56:01.883459 [debug] [Thread-3 (]: Writing injected SQL for node "model.yelp_analytics.stg_reviews"
[0m01:56:01.886753 [debug] [Thread-4 (]: Began executing node model.yelp_analytics.stg_tips
[0m01:56:01.888664 [debug] [Thread-1 (]: Began executing node model.yelp_analytics.stg_businesses
[0m01:56:01.890523 [debug] [Thread-2 (]: Began executing node model.yelp_analytics.stg_checkins
[0m01:56:01.944863 [debug] [Thread-3 (]: Began executing node model.yelp_analytics.stg_reviews
[0m01:56:02.357451 [debug] [Thread-1 (]: Writing runtime sql for node "model.yelp_analytics.stg_businesses"
[0m01:56:02.366643 [debug] [Thread-4 (]: Writing runtime sql for node "model.yelp_analytics.stg_tips"
[0m01:56:02.362909 [debug] [Thread-3 (]: Writing runtime sql for node "model.yelp_analytics.stg_reviews"
[0m01:56:02.370271 [debug] [Thread-2 (]: Writing runtime sql for node "model.yelp_analytics.stg_checkins"
[0m01:56:02.373134 [debug] [Thread-1 (]: Using postgres connection "model.yelp_analytics.stg_businesses"
[0m01:56:02.375033 [debug] [Thread-4 (]: Using postgres connection "model.yelp_analytics.stg_tips"
[0m01:56:02.377634 [debug] [Thread-1 (]: On model.yelp_analytics.stg_businesses: /* {"app": "dbt", "dbt_version": "1.11.2", "profile_name": "yelp_analytics", "target_name": "dev", "node_id": "model.yelp_analytics.stg_businesses"} */

  create view "steven"."public_staging"."stg_businesses__dbt_tmp"
    
    
  as (
    

-- Staging model for businesses
-- Cleans and standardizes the raw business data

with source as (
    select * from "steven"."public"."business"
),

cleaned as (
    select
        business_id,
        name as business_name,
        address,
        city,
        state,
        postal_code,
        latitude,
        longitude,
        stars,
        review_count,
        is_open,
        attributes,
        categories,
        hours,
        
        -- Add computed fields
        case 
            when is_open = 1 then true 
            else false 
        end as is_currently_open,
        
        -- Parse categories into array for easier filtering
        string_to_array(categories, ', ') as category_array,
        
        current_timestamp as dbt_updated_at
        
    from source
)

select * from cleaned
  );
[0m01:56:02.380301 [debug] [Thread-4 (]: On model.yelp_analytics.stg_tips: /* {"app": "dbt", "dbt_version": "1.11.2", "profile_name": "yelp_analytics", "target_name": "dev", "node_id": "model.yelp_analytics.stg_tips"} */

  create view "steven"."public_staging"."stg_tips__dbt_tmp"
    
    
  as (
    

-- Staging model for tips
-- Cleans tip data

with source as (
    select * from "steven"."public"."tips"
),

cleaned as (
    select
        user_id,
        business_id,
        text as tip_text,
        date as tip_date,
        compliment_count,
        year as tip_year,
        
        -- Add computed fields
        length(text) as tip_length,
        
        current_timestamp as dbt_updated_at
        
    from source
)

select * from cleaned
  );
[0m01:56:02.382565 [debug] [Thread-2 (]: Using postgres connection "model.yelp_analytics.stg_checkins"
[0m01:56:02.384558 [debug] [Thread-1 (]: Opening a new connection, currently in state closed
[0m01:56:02.386674 [debug] [Thread-3 (]: Using postgres connection "model.yelp_analytics.stg_reviews"
[0m01:56:02.388471 [debug] [Thread-4 (]: Opening a new connection, currently in state init
[0m01:56:02.390384 [debug] [Thread-2 (]: On model.yelp_analytics.stg_checkins: /* {"app": "dbt", "dbt_version": "1.11.2", "profile_name": "yelp_analytics", "target_name": "dev", "node_id": "model.yelp_analytics.stg_checkins"} */

  create view "steven"."public_staging"."stg_checkins__dbt_tmp"
    
    
  as (
    

-- Staging model for checkins

with source as (
    select * from "steven"."public"."checkins"
),

cleaned as (
    select
        business_id,
        date as checkin_date,
        
        current_timestamp as dbt_updated_at
        
    from source
)

select * from cleaned
  );
[0m01:56:02.393559 [debug] [Thread-3 (]: On model.yelp_analytics.stg_reviews: /* {"app": "dbt", "dbt_version": "1.11.2", "profile_name": "yelp_analytics", "target_name": "dev", "node_id": "model.yelp_analytics.stg_reviews"} */

  create view "steven"."public_staging"."stg_reviews__dbt_tmp"
    
    
  as (
    

-- Staging model for reviews
-- Cleans and enriches review data

with source as (
    select * from "steven"."public"."reviews"
),

cleaned as (
    select
        review_id,
        user_id,
        business_id,
        stars,
        useful,
        funny,
        cool,
        text as review_text,
        date as review_date,
        year as review_year,
        month as review_month,
        
        -- Add computed fields
        useful + funny + cool as total_votes,
        
        -- Sentiment categorization based on stars
        case
            when stars >= 4 then 'positive'
            when stars = 3 then 'neutral'
            else 'negative'
        end as sentiment,
        
        -- Review text length
        length(text) as review_length,
        
        current_timestamp as dbt_updated_at
        
    from source
)

select * from cleaned
  );
[0m01:56:02.397211 [debug] [Thread-2 (]: Opening a new connection, currently in state closed
[0m01:56:02.399968 [debug] [Thread-3 (]: Opening a new connection, currently in state init
[0m01:56:02.471770 [debug] [Thread-4 (]: SQL status: CREATE VIEW in 0.083 seconds
[0m01:56:02.474944 [debug] [Thread-1 (]: SQL status: CREATE VIEW in 0.090 seconds
[0m01:56:02.482688 [debug] [Thread-2 (]: SQL status: CREATE VIEW in 0.086 seconds
[0m01:56:02.484224 [debug] [Thread-3 (]: SQL status: CREATE VIEW in 0.085 seconds
[0m01:56:02.539116 [debug] [Thread-1 (]: Using postgres connection "model.yelp_analytics.stg_businesses"
[0m01:56:02.545920 [debug] [Thread-2 (]: Using postgres connection "model.yelp_analytics.stg_checkins"
[0m01:56:02.547911 [debug] [Thread-4 (]: Using postgres connection "model.yelp_analytics.stg_tips"
[0m01:56:02.560353 [debug] [Thread-1 (]: On model.yelp_analytics.stg_businesses: /* {"app": "dbt", "dbt_version": "1.11.2", "profile_name": "yelp_analytics", "target_name": "dev", "node_id": "model.yelp_analytics.stg_businesses"} */
alter table "steven"."public_staging"."stg_businesses__dbt_tmp" rename to "stg_businesses"
[0m01:56:02.559497 [debug] [Thread-3 (]: Using postgres connection "model.yelp_analytics.stg_reviews"
[0m01:56:02.562754 [debug] [Thread-2 (]: On model.yelp_analytics.stg_checkins: /* {"app": "dbt", "dbt_version": "1.11.2", "profile_name": "yelp_analytics", "target_name": "dev", "node_id": "model.yelp_analytics.stg_checkins"} */
alter table "steven"."public_staging"."stg_checkins__dbt_tmp" rename to "stg_checkins"
[0m01:56:02.564533 [debug] [Thread-4 (]: On model.yelp_analytics.stg_tips: /* {"app": "dbt", "dbt_version": "1.11.2", "profile_name": "yelp_analytics", "target_name": "dev", "node_id": "model.yelp_analytics.stg_tips"} */
alter table "steven"."public_staging"."stg_tips__dbt_tmp" rename to "stg_tips"
[0m01:56:02.566641 [debug] [Thread-3 (]: On model.yelp_analytics.stg_reviews: /* {"app": "dbt", "dbt_version": "1.11.2", "profile_name": "yelp_analytics", "target_name": "dev", "node_id": "model.yelp_analytics.stg_reviews"} */
alter table "steven"."public_staging"."stg_reviews__dbt_tmp" rename to "stg_reviews"
[0m01:56:02.571036 [debug] [Thread-1 (]: SQL status: ALTER TABLE in 0.005 seconds
[0m01:56:02.573040 [debug] [Thread-2 (]: SQL status: ALTER TABLE in 0.004 seconds
[0m01:56:02.574844 [debug] [Thread-3 (]: SQL status: ALTER TABLE in 0.005 seconds
[0m01:56:02.588201 [debug] [Thread-4 (]: SQL status: ALTER TABLE in 0.019 seconds
[0m01:56:02.774806 [debug] [Thread-1 (]: On model.yelp_analytics.stg_businesses: COMMIT
[0m01:56:02.781666 [debug] [Thread-1 (]: Using postgres connection "model.yelp_analytics.stg_businesses"
[0m01:56:02.772632 [debug] [Thread-2 (]: On model.yelp_analytics.stg_checkins: COMMIT
[0m01:56:02.780964 [debug] [Thread-3 (]: On model.yelp_analytics.stg_reviews: COMMIT
[0m01:56:02.784950 [debug] [Thread-4 (]: On model.yelp_analytics.stg_tips: COMMIT
[0m01:56:02.786544 [debug] [Thread-1 (]: On model.yelp_analytics.stg_businesses: COMMIT
[0m01:56:02.788228 [debug] [Thread-2 (]: Using postgres connection "model.yelp_analytics.stg_checkins"
[0m01:56:02.789926 [debug] [Thread-3 (]: Using postgres connection "model.yelp_analytics.stg_reviews"
[0m01:56:02.791894 [debug] [Thread-4 (]: Using postgres connection "model.yelp_analytics.stg_tips"
[0m01:56:02.794456 [debug] [Thread-2 (]: On model.yelp_analytics.stg_checkins: COMMIT
[0m01:56:02.796934 [debug] [Thread-3 (]: On model.yelp_analytics.stg_reviews: COMMIT
[0m01:56:02.799390 [debug] [Thread-4 (]: On model.yelp_analytics.stg_tips: COMMIT
[0m01:56:02.802181 [debug] [Thread-1 (]: SQL status: COMMIT in 0.008 seconds
[0m01:56:02.804561 [debug] [Thread-2 (]: SQL status: COMMIT in 0.003 seconds
[0m01:56:02.806605 [debug] [Thread-3 (]: SQL status: COMMIT in 0.005 seconds
[0m01:56:02.808171 [debug] [Thread-4 (]: SQL status: COMMIT in 0.004 seconds
[0m01:56:02.855925 [debug] [Thread-1 (]: Applying DROP to: "steven"."public_staging"."stg_businesses__dbt_backup"
[0m01:56:02.854390 [debug] [Thread-2 (]: Applying DROP to: "steven"."public_staging"."stg_checkins__dbt_backup"
[0m01:56:02.865592 [debug] [Thread-3 (]: Applying DROP to: "steven"."public_staging"."stg_reviews__dbt_backup"
[0m01:56:02.874752 [debug] [Thread-4 (]: Applying DROP to: "steven"."public_staging"."stg_tips__dbt_backup"
[0m01:56:02.921445 [debug] [Thread-3 (]: Using postgres connection "model.yelp_analytics.stg_reviews"
[0m01:56:02.923729 [debug] [Thread-2 (]: Using postgres connection "model.yelp_analytics.stg_checkins"
[0m01:56:02.925198 [debug] [Thread-1 (]: Using postgres connection "model.yelp_analytics.stg_businesses"
[0m01:56:02.928064 [debug] [Thread-4 (]: Using postgres connection "model.yelp_analytics.stg_tips"
[0m01:56:02.930186 [debug] [Thread-3 (]: On model.yelp_analytics.stg_reviews: /* {"app": "dbt", "dbt_version": "1.11.2", "profile_name": "yelp_analytics", "target_name": "dev", "node_id": "model.yelp_analytics.stg_reviews"} */
drop view if exists "steven"."public_staging"."stg_reviews__dbt_backup" cascade
[0m01:56:02.932314 [debug] [Thread-2 (]: On model.yelp_analytics.stg_checkins: /* {"app": "dbt", "dbt_version": "1.11.2", "profile_name": "yelp_analytics", "target_name": "dev", "node_id": "model.yelp_analytics.stg_checkins"} */
drop view if exists "steven"."public_staging"."stg_checkins__dbt_backup" cascade
[0m01:56:02.934488 [debug] [Thread-1 (]: On model.yelp_analytics.stg_businesses: /* {"app": "dbt", "dbt_version": "1.11.2", "profile_name": "yelp_analytics", "target_name": "dev", "node_id": "model.yelp_analytics.stg_businesses"} */
drop view if exists "steven"."public_staging"."stg_businesses__dbt_backup" cascade
[0m01:56:02.936571 [debug] [Thread-4 (]: On model.yelp_analytics.stg_tips: /* {"app": "dbt", "dbt_version": "1.11.2", "profile_name": "yelp_analytics", "target_name": "dev", "node_id": "model.yelp_analytics.stg_tips"} */
drop view if exists "steven"."public_staging"."stg_tips__dbt_backup" cascade
[0m01:56:02.940383 [debug] [Thread-3 (]: SQL status: DROP VIEW in 0.002 seconds
[0m01:56:02.942403 [debug] [Thread-1 (]: SQL status: DROP VIEW in 0.003 seconds
[0m01:56:02.944244 [debug] [Thread-2 (]: SQL status: DROP VIEW in 0.005 seconds
[0m01:56:02.955233 [debug] [Thread-3 (]: On model.yelp_analytics.stg_reviews: Close
[0m01:56:02.962244 [debug] [Thread-4 (]: SQL status: DROP VIEW in 0.023 seconds
[0m01:56:02.960638 [debug] [Thread-1 (]: On model.yelp_analytics.stg_businesses: Close
[0m01:56:02.967909 [debug] [Thread-2 (]: On model.yelp_analytics.stg_checkins: Close
[0m01:56:02.974192 [debug] [Thread-4 (]: On model.yelp_analytics.stg_tips: Close
[0m01:56:02.984139 [debug] [Thread-3 (]: Sending event: {'category': 'dbt', 'action': 'run_model', 'label': '55d7ee99-f4ed-42fa-bd35-af5648e19510', 'context': [<snowplow_tracker.self_describing_json.SelfDescribingJson object at 0xffff7ec63490>]}
[0m01:56:02.986242 [debug] [Thread-1 (]: Sending event: {'category': 'dbt', 'action': 'run_model', 'label': '55d7ee99-f4ed-42fa-bd35-af5648e19510', 'context': [<snowplow_tracker.self_describing_json.SelfDescribingJson object at 0xffff81e3d770>]}
[0m01:56:02.990193 [debug] [Thread-2 (]: Sending event: {'category': 'dbt', 'action': 'run_model', 'label': '55d7ee99-f4ed-42fa-bd35-af5648e19510', 'context': [<snowplow_tracker.self_describing_json.SelfDescribingJson object at 0xffff7d86dc70>]}
[0m01:56:02.993049 [debug] [Thread-4 (]: Sending event: {'category': 'dbt', 'action': 'run_model', 'label': '55d7ee99-f4ed-42fa-bd35-af5648e19510', 'context': [<snowplow_tracker.self_describing_json.SelfDescribingJson object at 0xffff7d81b0b0>]}
[0m01:56:02.995669 [info ] [Thread-3 (]: 3 of 9 OK created sql view model public_staging.stg_reviews .................... [[32mCREATE VIEW[0m in 1.16s]
[0m01:56:02.998480 [info ] [Thread-1 (]: 1 of 9 OK created sql view model public_staging.stg_businesses ................. [[32mCREATE VIEW[0m in 1.17s]
[0m01:56:03.001334 [info ] [Thread-2 (]: 2 of 9 OK created sql view model public_staging.stg_checkins ................... [[32mCREATE VIEW[0m in 1.17s]
[0m01:56:03.004720 [info ] [Thread-4 (]: 4 of 9 OK created sql view model public_staging.stg_tips ....................... [[32mCREATE VIEW[0m in 1.18s]
[0m01:56:03.007932 [debug] [Thread-3 (]: Finished running node model.yelp_analytics.stg_reviews
[0m01:56:03.022543 [debug] [Thread-3 (]: Began running node model.yelp_analytics.stg_users
[0m01:56:03.011957 [debug] [Thread-1 (]: Finished running node model.yelp_analytics.stg_businesses
[0m01:56:03.018233 [debug] [Thread-4 (]: Finished running node model.yelp_analytics.stg_tips
[0m01:56:03.015057 [debug] [Thread-2 (]: Finished running node model.yelp_analytics.stg_checkins
[0m01:56:03.027638 [info ] [Thread-3 (]: 5 of 9 START sql view model public_staging.stg_users ........................... [RUN]
[0m01:56:03.033793 [debug] [Thread-1 (]: Began running node model.yelp_analytics.review_trends
[0m01:56:03.036295 [debug] [Thread-3 (]: Re-using an available connection from the pool (formerly model.yelp_analytics.stg_reviews, now model.yelp_analytics.stg_users)
[0m01:56:03.038234 [debug] [Thread-4 (]: Began running node model.yelp_analytics.business_analytics
[0m01:56:03.040354 [info ] [Thread-1 (]: 6 of 9 START sql table model public_marts.review_trends ........................ [RUN]
[0m01:56:03.042821 [debug] [Thread-3 (]: Began compiling node model.yelp_analytics.stg_users
[0m01:56:03.045144 [info ] [Thread-4 (]: 7 of 9 START sql table model public_marts.business_analytics ................... [RUN]
[0m01:56:03.047573 [debug] [Thread-1 (]: Re-using an available connection from the pool (formerly model.yelp_analytics.stg_businesses, now model.yelp_analytics.review_trends)
[0m01:56:03.060519 [debug] [Thread-4 (]: Re-using an available connection from the pool (formerly model.yelp_analytics.stg_tips, now model.yelp_analytics.business_analytics)
[0m01:56:03.062356 [debug] [Thread-3 (]: Writing injected SQL for node "model.yelp_analytics.stg_users"
[0m01:56:03.064292 [debug] [Thread-1 (]: Began compiling node model.yelp_analytics.review_trends
[0m01:56:03.066147 [debug] [Thread-4 (]: Began compiling node model.yelp_analytics.business_analytics
[0m01:56:03.087110 [debug] [Thread-1 (]: Writing injected SQL for node "model.yelp_analytics.review_trends"
[0m01:56:03.100130 [debug] [Thread-3 (]: Began executing node model.yelp_analytics.stg_users
[0m01:56:03.102835 [debug] [Thread-4 (]: Writing injected SQL for node "model.yelp_analytics.business_analytics"
[0m01:56:03.114863 [debug] [Thread-3 (]: Writing runtime sql for node "model.yelp_analytics.stg_users"
[0m01:56:03.117397 [debug] [Thread-1 (]: Began executing node model.yelp_analytics.review_trends
[0m01:56:03.124464 [debug] [Thread-4 (]: Began executing node model.yelp_analytics.business_analytics
[0m01:56:03.190147 [debug] [Thread-3 (]: Using postgres connection "model.yelp_analytics.stg_users"
[0m01:56:03.198062 [debug] [Thread-3 (]: On model.yelp_analytics.stg_users: /* {"app": "dbt", "dbt_version": "1.11.2", "profile_name": "yelp_analytics", "target_name": "dev", "node_id": "model.yelp_analytics.stg_users"} */

  create view "steven"."public_staging"."stg_users__dbt_tmp"
    
    
  as (
    

-- Staging model for users
-- Cleans and standardizes user data

with source as (
    select * from "steven"."public"."yelp_users"
),

cleaned as (
    select
        user_id,
        name as user_name,
        review_count,
        yelping_since,
        friends,
        useful,
        funny,
        cool,
        fans,
        elite,
        average_stars,
        compliment_hot,
        compliment_more,
        compliment_profile,
        compliment_cute,
        compliment_list,
        compliment_note,
        compliment_plain,
        compliment_cool,
        compliment_funny,
        compliment_writer,
        compliment_photos,
        
        -- Add computed fields
        useful + funny + cool as total_votes_received,
        
        compliment_hot + compliment_more + compliment_profile + 
        compliment_cute + compliment_list + compliment_note + 
        compliment_plain + compliment_cool + compliment_funny + 
        compliment_writer + compliment_photos as total_compliments,
        
        -- Calculate tenure
        extract(year from age(current_date, yelping_since::date)) as years_yelping,
        
        -- Elite status
        case when elite is not null and elite != '' then true else false end as is_elite,
        
        current_timestamp as dbt_updated_at
        
    from source
)

select * from cleaned
  );
[0m01:56:03.205678 [debug] [Thread-3 (]: Opening a new connection, currently in state closed
[0m01:56:03.311356 [debug] [Thread-3 (]: SQL status: CREATE VIEW in 0.105 seconds
[0m01:56:03.339545 [debug] [Thread-4 (]: Writing runtime sql for node "model.yelp_analytics.business_analytics"
[0m01:56:03.349142 [debug] [Thread-1 (]: Writing runtime sql for node "model.yelp_analytics.review_trends"
[0m01:56:03.352195 [debug] [Thread-3 (]: Using postgres connection "model.yelp_analytics.stg_users"
[0m01:56:03.355955 [debug] [Thread-4 (]: Using postgres connection "model.yelp_analytics.business_analytics"
[0m01:56:03.358574 [debug] [Thread-3 (]: On model.yelp_analytics.stg_users: /* {"app": "dbt", "dbt_version": "1.11.2", "profile_name": "yelp_analytics", "target_name": "dev", "node_id": "model.yelp_analytics.stg_users"} */
alter table "steven"."public_staging"."stg_users__dbt_tmp" rename to "stg_users"
[0m01:56:03.361553 [debug] [Thread-4 (]: On model.yelp_analytics.business_analytics: /* {"app": "dbt", "dbt_version": "1.11.2", "profile_name": "yelp_analytics", "target_name": "dev", "node_id": "model.yelp_analytics.business_analytics"} */

  
    

  create  table "steven"."public_marts"."business_analytics__dbt_tmp"
  
  
    as
  
  (
    

-- Business analytics mart
-- Comprehensive business metrics combining reviews, tips, and checkins

with business_base as (
    select * from "steven"."public_staging"."stg_businesses"
),

review_metrics as (
    select
        business_id,
        count(*) as total_reviews,
        avg(stars) as avg_rating,
        count(distinct user_id) as unique_reviewers,
        sum(case when sentiment = 'positive' then 1 else 0 end) as positive_reviews,
        sum(case when sentiment = 'neutral' then 1 else 0 end) as neutral_reviews,
        sum(case when sentiment = 'negative' then 1 else 0 end) as negative_reviews,
        sum(total_votes) as total_engagement,
        avg(review_length) as avg_review_length,
        max(review_date) as last_review_date,
        min(review_date) as first_review_date
    from "steven"."public_staging"."stg_reviews"
    group by business_id
),

tip_metrics as (
    select
        business_id,
        count(*) as total_tips,
        sum(compliment_count) as tip_compliments
    from "steven"."public_staging"."stg_tips"
    group by business_id
),

checkin_metrics as (
    select
        business_id,
        count(*) as total_checkins
    from "steven"."public_staging"."stg_checkins"
    group by business_id
),

final as (
    select
        b.business_id,
        b.business_name,
        b.address,
        b.city,
        b.state,
        b.postal_code,
        b.latitude,
        b.longitude,
        b.stars as listed_stars,
        b.review_count as listed_review_count,
        b.is_currently_open,
        b.categories,
        b.category_array,
        
        -- Review metrics
        coalesce(r.total_reviews, 0) as actual_review_count,
        coalesce(r.avg_rating, 0) as calculated_avg_rating,
        coalesce(r.unique_reviewers, 0) as unique_reviewers,
        coalesce(r.positive_reviews, 0) as positive_reviews,
        coalesce(r.neutral_reviews, 0) as neutral_reviews,
        coalesce(r.negative_reviews, 0) as negative_reviews,
        coalesce(r.total_engagement, 0) as total_engagement,
        coalesce(r.avg_review_length, 0) as avg_review_length,
        r.last_review_date,
        r.first_review_date,
        
        -- Tip metrics
        coalesce(t.total_tips, 0) as total_tips,
        coalesce(t.tip_compliments, 0) as tip_compliments,
        
        -- Checkin metrics
        coalesce(c.total_checkins, 0) as total_checkins,
        
        -- Calculated fields
        case 
            when r.total_reviews >= 50 and r.avg_rating >= 4.0 then 'High Rated'
            when r.total_reviews >= 50 and r.avg_rating < 3.0 then 'Low Rated'
            when r.total_reviews >= 50 then 'Average Rated'
            when r.total_reviews > 0 then 'Limited Reviews'
            else 'No Reviews'
        end as business_tier,
        
        -- Sentiment ratio
        case 
            when r.total_reviews > 0 
            then round((r.positive_reviews::numeric / r.total_reviews::numeric) * 100, 2)
            else 0 
        end as positive_review_percentage,
        
        current_timestamp as dbt_updated_at
        
    from business_base b
    left join review_metrics r on b.business_id = r.business_id
    left join tip_metrics t on b.business_id = t.business_id
    left join checkin_metrics c on b.business_id = c.business_id
)

select * from final
  );
  
[0m01:56:03.364014 [debug] [Thread-1 (]: Using postgres connection "model.yelp_analytics.review_trends"
[0m01:56:03.366450 [debug] [Thread-4 (]: Opening a new connection, currently in state closed
[0m01:56:03.368337 [debug] [Thread-3 (]: SQL status: ALTER TABLE in 0.002 seconds
[0m01:56:03.370550 [debug] [Thread-1 (]: On model.yelp_analytics.review_trends: /* {"app": "dbt", "dbt_version": "1.11.2", "profile_name": "yelp_analytics", "target_name": "dev", "node_id": "model.yelp_analytics.review_trends"} */

  
    

  create  table "steven"."public_marts"."review_trends__dbt_tmp"
  
  
    as
  
  (
    

-- Review trends mart
-- Time-series analysis of review patterns

with reviews_with_business as (
    select
        r.review_id,
        r.review_date,
        r.review_year,
        r.review_month,
        r.stars,
        r.sentiment,
        r.total_votes,
        r.review_length,
        b.city,
        b.state,
        b.categories,
        b.category_array
    from "steven"."public_staging"."stg_reviews" r
    inner join "steven"."public_staging"."stg_businesses" b on r.business_id = b.business_id
),

monthly_trends as (
    select
        date_trunc('month', review_date)::date as month,
        city,
        state,
        
        -- Volume metrics
        count(*) as review_count,
        count(distinct review_id) as unique_reviews,
        
        -- Rating metrics
        avg(stars) as avg_stars,
        
        -- Sentiment metrics
        sum(case when sentiment = 'positive' then 1 else 0 end) as positive_count,
        sum(case when sentiment = 'neutral' then 1 else 0 end) as neutral_count,
        sum(case when sentiment = 'negative' then 1 else 0 end) as negative_count,
        
        -- Engagement metrics
        avg(total_votes) as avg_votes_per_review,
        sum(total_votes) as total_votes,
        
        -- Content metrics
        avg(review_length) as avg_review_length,
        
        current_timestamp as dbt_updated_at
        
    from reviews_with_business
    group by 
        date_trunc('month', review_date)::date,
        city,
        state
)

select * from monthly_trends
order by month desc, city
  );
  
[0m01:56:03.377622 [debug] [Thread-3 (]: On model.yelp_analytics.stg_users: COMMIT
[0m01:56:03.379825 [debug] [Thread-1 (]: Opening a new connection, currently in state closed
[0m01:56:03.382111 [debug] [Thread-3 (]: Using postgres connection "model.yelp_analytics.stg_users"
[0m01:56:03.386130 [debug] [Thread-3 (]: On model.yelp_analytics.stg_users: COMMIT
[0m01:56:03.391881 [debug] [Thread-3 (]: SQL status: COMMIT in 0.004 seconds
[0m01:56:03.400438 [debug] [Thread-3 (]: Applying DROP to: "steven"."public_staging"."stg_users__dbt_backup"
[0m01:56:03.402701 [debug] [Thread-3 (]: Using postgres connection "model.yelp_analytics.stg_users"
[0m01:56:03.404208 [debug] [Thread-3 (]: On model.yelp_analytics.stg_users: /* {"app": "dbt", "dbt_version": "1.11.2", "profile_name": "yelp_analytics", "target_name": "dev", "node_id": "model.yelp_analytics.stg_users"} */
drop view if exists "steven"."public_staging"."stg_users__dbt_backup" cascade
[0m01:56:03.406605 [debug] [Thread-3 (]: SQL status: DROP VIEW in 0.001 seconds
[0m01:56:03.411964 [debug] [Thread-3 (]: On model.yelp_analytics.stg_users: Close
[0m01:56:03.414689 [debug] [Thread-3 (]: Sending event: {'category': 'dbt', 'action': 'run_model', 'label': '55d7ee99-f4ed-42fa-bd35-af5648e19510', 'context': [<snowplow_tracker.self_describing_json.SelfDescribingJson object at 0xffff7da72210>]}
[0m01:56:03.417710 [info ] [Thread-3 (]: 5 of 9 OK created sql view model public_staging.stg_users ...................... [[32mCREATE VIEW[0m in 0.38s]
[0m01:56:03.421801 [debug] [Thread-3 (]: Finished running node model.yelp_analytics.stg_users
[0m01:56:03.424267 [debug] [Thread-2 (]: Began running node model.yelp_analytics.user_insights
[0m01:56:03.426998 [info ] [Thread-2 (]: 8 of 9 START sql table model public_marts.user_insights ........................ [RUN]
[0m01:56:03.430877 [debug] [Thread-2 (]: Re-using an available connection from the pool (formerly model.yelp_analytics.stg_checkins, now model.yelp_analytics.user_insights)
[0m01:56:03.433008 [debug] [Thread-2 (]: Began compiling node model.yelp_analytics.user_insights
[0m01:56:03.455310 [debug] [Thread-2 (]: Writing injected SQL for node "model.yelp_analytics.user_insights"
[0m01:56:03.458028 [debug] [Thread-2 (]: Began executing node model.yelp_analytics.user_insights
[0m01:56:03.470229 [debug] [Thread-2 (]: Writing runtime sql for node "model.yelp_analytics.user_insights"
[0m01:56:03.473132 [debug] [Thread-2 (]: Using postgres connection "model.yelp_analytics.user_insights"
[0m01:56:03.475559 [debug] [Thread-2 (]: On model.yelp_analytics.user_insights: /* {"app": "dbt", "dbt_version": "1.11.2", "profile_name": "yelp_analytics", "target_name": "dev", "node_id": "model.yelp_analytics.user_insights"} */

  
    

  create  table "steven"."public_marts"."user_insights__dbt_tmp"
  
  
    as
  
  (
    

-- User insights mart
-- Comprehensive user behavior and engagement metrics

with user_base as (
    select * from "steven"."public_staging"."stg_users"
),

review_activity as (
    select
        user_id,
        count(*) as reviews_written,
        avg(stars) as avg_stars_given,
        sum(total_votes) as total_review_votes,
        count(distinct business_id) as businesses_reviewed,
        max(review_date) as last_review_date,
        min(review_date) as first_review_date,
        
        -- Sentiment distribution
        sum(case when sentiment = 'positive' then 1 else 0 end) as positive_reviews_written,
        sum(case when sentiment = 'negative' then 1 else 0 end) as negative_reviews_written
        
    from "steven"."public_staging"."stg_reviews"
    group by user_id
),

tip_activity as (
    select
        user_id,
        count(*) as tips_written,
        sum(compliment_count) as tip_compliments_received
    from "steven"."public_staging"."stg_tips"
    group by user_id
),

final as (
    select
        u.user_id,
        u.user_name,
        u.review_count as profile_review_count,
        u.yelping_since,
        u.years_yelping,
        u.fans,
        u.is_elite,
        u.average_stars as profile_avg_stars,
        
        -- Engagement metrics
        u.total_votes_received as profile_votes,
        u.total_compliments,
        
        -- Activity metrics
        coalesce(r.reviews_written, 0) as actual_reviews_written,
        coalesce(r.avg_stars_given, 0) as calculated_avg_stars,
        coalesce(r.total_review_votes, 0) as review_votes_received,
        coalesce(r.businesses_reviewed, 0) as unique_businesses_reviewed,
        r.last_review_date,
        r.first_review_date,
        
        -- Tip metrics
        coalesce(t.tips_written, 0) as tips_written,
        coalesce(t.tip_compliments_received, 0) as tip_compliments,
        
        -- Sentiment analysis
        coalesce(r.positive_reviews_written, 0) as positive_reviews,
        coalesce(r.negative_reviews_written, 0) as negative_reviews,
        
        -- User categorization
        case
            when u.is_elite and r.reviews_written >= 100 then 'Elite Power User'
            when r.reviews_written >= 100 then 'Power User'
            when r.reviews_written >= 20 then 'Active User'
            when r.reviews_written > 0 then 'Casual User'
            else 'Inactive User'
        end as user_tier,
        
        -- Engagement score (weighted combination of metrics)
        (
            coalesce(r.reviews_written, 0) * 2 +
            coalesce(t.tips_written, 0) +
            coalesce(u.fans, 0) * 3 +
            coalesce(u.total_compliments, 0) +
            case when u.is_elite then 50 else 0 end
        ) as engagement_score,
        
        -- Positivity ratio
        case 
            when r.reviews_written > 0 
            then round((r.positive_reviews_written::numeric / r.reviews_written::numeric) * 100, 2)
            else 0 
        end as positivity_percentage,
        
        current_timestamp as dbt_updated_at
        
    from user_base u
    left join review_activity r on u.user_id = r.user_id
    left join tip_activity t on u.user_id = t.user_id
)

select * from final
  );
  
[0m01:56:03.477951 [debug] [Thread-2 (]: Opening a new connection, currently in state closed
